[2026-04-30 06:57:04] local.ERROR: file_put_contents(C:\wamp64\www\pharmacy\storage\framework/sessions/45Aux2eszdAwrsX6YCWAiXKxjYrN20jnrYl8J9ue): Failed to open stream: No such file or directory {"exception":"[object] (ErrorException(code: 0): file_put_contents(C:\\wamp64\\www\\pharmacy\\storage\\framework/sessions/45Aux2eszdAwrsX6YCWAiXKxjYrN20jnrYl8J9ue): Failed to open stream: No such file or directory at C:/wamp64/www/pharmacy/vendor/laravel/framework/src/Illuminate/Filesystem/Filesystem.php:204)
[stacktrace]
#0 C:/wamp64/www/pharmacy/vendor/laravel/framework/src/Illuminate/Foundation/Bootstrap/HandleExceptions.php(258): Illuminate/Foundation/Bootstrap/HandleExceptions->handleError(2, 'file_put_conten...', 'C://wamp64//www//p...', 204)
#1 [internal function]: Illuminate/Foundation/Bootstrap/HandleExceptions->{closure:Illuminate/Foundation/Bootstrap/HandleExceptions::forwardsTo():257}(2, 'file_put_conten...', 'C://wamp64//www//p...', 204)
#2 C:/wamp64/www/pharmacy/vendor/laravel/framework/src/Illuminate/Filesystem/Filesystem.php(204): file_put_contents('C://wamp64//www//p...', 'a:3:{s:6:\"_toke...', 2)
#3 C:/wamp64/www/pharmacy/vendor/laravel/framework/src/Illuminate/Session/FileSessionHandler.php(90): Illuminate/Filesystem/Filesystem->put('C://wamp64//www//p...', 'a:3:{s:6:\"_toke...', true)
#4 C:/wamp64/www/pharmacy/vendor/laravel/framework/src/Illuminate/Session/Store.php(176): Illuminate/Session/FileSessionHandler->write('45Aux2eszdAwrsX...', 'a:3:{s:6:\"_toke...')
#5 C:/wamp64/www/pharmacy/vendor/laravel/framework/src/Illuminate/Session/Middleware/StartSession.php(245): Illuminate/Session/Store->save()
#6 C:/wamp64/www/pharmacy/vendor/laravel/framework/src/Illuminate/Session/Middleware/StartSession.php(130): Illuminate/Session/Middleware/StartSession->saveSession(Object(Illuminate/Http/Request))
#7 C:/wamp64/www/pharmacy/vendor/laravel/framework/src/Illuminate/Session/Middleware/StartSession.php(64): Illuminate/Session/Middleware/StartSession->handleStatefulRequest(Object(Illuminate/Http/Request), Object(Illuminate/Session/Store), Object(Closure))
#8 C:/wamp64/www/pharmacy/vendor/laravel/framework/src/Illuminate/Pipeline/Pipeline.php(209): Illuminate/Session/Middleware/StartSession->handle(Object(Illuminate/Http/Request), Object(Closure))
#9 C:/wamp64/www/pharmacy/vendor/laravel/framework/src/Illuminate/Cookie/Middleware/AddQueuedCookiesToResponse.php(37): Illuminate/Pipeline/Pipeline->{closure:{closure:Illuminate/Pipeline/Pipeline::carry():184}:185}(Object(Illuminate/Http/Request))
#10 C:/wamp64/www/pharmacy/vendor/laravel/framework/src/Illuminate/Pipeline/Pipeline.php(209): Illuminate/Cookie/Middleware/AddQueuedCookiesToResponse->handle(Object(Illuminate/Http/Request), Object(Closure))
#11 C:/wamp64/www/pharmacy/vendor/laravel/framework/src/Illuminate/Cookie/Middleware/EncryptCookies.php(75): Illuminate/Pipeline/Pipeline->{closure:{closure:Illuminate/Pipeline/Pipeline::carry():184}:185}(Object(Illuminate/Http/Request))
#12 C:/wamp64/www/pharmacy/vendor/laravel/framework/src/Illuminate/Pipeline/Pipeline.php(209): Illuminate/Cookie/Middleware/EncryptCookies->handle(Object(Illuminate/Http/Request), Object(Closure))
#13 C:/wamp64/www/pharmacy/vendor/laravel/framework/src/Illuminate/Pipeline/Pipeline.php(127): Illuminate/Pipeline/Pipeline->{closure:{closure:Illuminate/Pipeline/Pipeline::carry():184}:185}(Object(Illuminate/Http/Request))
#14 C:/wamp64/www/pharmacy/vendor/laravel/framework/src/Illuminate/Routing/Router.php(807): Illuminate/Pipeline/Pipeline->then(Object(Closure))
#15 C:/wamp64/www/pharmacy/vendor/laravel/framework/src/Illuminate/Routing/Router.php(786): Illuminate/Routing/Router->runRouteWithinStack(Object(Illuminate/Routing/Route), Object(Illuminate/Http/Request))
#16 C:/wamp64/www/pharmacy/vendor/laravel/framework/src/Illuminate/Routing/Router.php(750): Illuminate/Routing/Router->runRoute(Object(Illuminate/Http/Request), Object(Illuminate/Routing/Route))
#17 C:/wamp64/www/pharmacy/vendor/laravel/framework/src/Illuminate/Routing/Router.php(739): Illuminate/Routing/Router->dispatchToRoute(Object(Illuminate/Http/Request))
#18 C:/wamp64/www/pharmacy/vendor/laravel/framework/src/Illuminate/Foundation/Http/Kernel.php(201): Illuminate/Routing/Router->dispatch(Object(Illuminate/Http/Request))
#19 C:/wamp64/www/pharmacy/vendor/laravel/framework/src/Illuminate/Pipeline/Pipeline.php(170): Illuminate/Foundation/Http/Kernel->{closure:Illuminate/Foundation/Http/Kernel::dispatchToRouter():198}(Object(Illuminate/Http/Request))
#20 C:/wamp64/www/pharmacy/vendor/laravel/framework/src/Illuminate/Foundation/Http/Middleware/TransformsRequest.php(21): Illuminate/Pipeline/Pipeline->{closure:Illuminate/Pipeline/Pipeline::prepareDestination():168}(Object(Illuminate/Http/Request))
#21 C:/wamp64/www/pharmacy/vendor/laravel/framework/src/Illuminate/Foundation/Http/Middleware/ConvertEmptyStringsToNull.php(31): Illuminate/Foundation/Http/Middleware/TransformsRequest->handle(Object(Illuminate/Http/Request), Object(Closure))
#22 C:/wamp64/www/pharmacy/vendor/laravel/framework/src/Illuminate/Pipeline/Pipeline.php(209): Illuminate/Foundation/Http/Middleware/ConvertEmptyStringsToNull->handle(Object(Illuminate/Http/Request), Object(Closure))
#23 C:/wamp64/www/pharmacy/vendor/laravel/framework/src/Illuminate/Foundation/Http/Middleware/TransformsRequest.php(21): Illuminate/Pipeline/Pipeline->{closure:{closure:Illuminate/Pipeline/Pipeline::carry():184}:185}(Object(Illuminate/Http/Request))
#24 C:/wamp64/www/pharmacy/vendor/laravel/framework/src/Illuminate/Foundation/Http/Middleware/TrimStrings.php(51): Illuminate/Foundation/Http/Middleware/TransformsRequest->handle(Object(Illuminate/Http/Request), Object(Closure))
#25 C:/wamp64/www/pharmacy/vendor/laravel/framework/src/Illuminate/Pipeline/Pipeline.php(209): Illuminate/Foundation/Http/Middleware/TrimStrings->handle(Object(Illuminate/Http/Request), Object(Closure))
#26 C:/wamp64/www/pharmacy/vendor/laravel/framework/src/Illuminate/Http/Middleware/ValidatePostSize.php(27): Illuminate/Pipeline/Pipeline->{closure:{closure:Illuminate/Pipeline/Pipeline::carry():184}:185}(Object(Illuminate/Http/Request))
#27 C:/wamp64/www/pharmacy/vendor/laravel/framework/src/Illuminate/Pipeline/Pipeline.php(209): Illuminate/Http/Middleware/ValidatePostSize->handle(Object(Illuminate/Http/Request), Object(Closure))
#28 C:/wamp64/www/pharmacy/vendor/laravel/framework/src/Illuminate/Foundation/Http/Middleware/PreventRequestsDuringMaintenance.php(110): Illuminate/Pipeline/Pipeline->{closure:{closure:Illuminate/Pipeline/Pipeline::carry():184}:185}(Object(Illuminate/Http/Request))
#29 C:/wamp64/www/pharmacy/vendor/laravel/framework/src/Illuminate/Pipeline/Pipeline.php(209): Illuminate/Foundation/Http/Middleware/PreventRequestsDuringMaintenance->handle(Object(Illuminate/Http/Request), Object(Closure))
#30 C:/wamp64/www/pharmacy/vendor/laravel/framework/src/Illuminate/Http/Middleware/HandleCors.php(49): Illuminate/Pipeline/Pipeline->{closure:{closure:Illuminate/Pipeline/Pipeline::carry():184}:185}(Object(Illuminate/Http/Request))
#31 C:/wamp64/www/pharmacy/vendor/laravel/framework/src/Illuminate/Pipeline/Pipeline.php(209): Illuminate/Http/Middleware/HandleCors->handle(Object(Illuminate/Http/Request), Object(Closure))
#32 C:/wamp64/www/pharmacy/vendor/laravel/framework/src/Illuminate/Http/Middleware/TrustProxies.php(58): Illuminate/Pipeline/Pipeline->{closure:{closure:Illuminate/Pipeline/Pipeline::carry():184}:185}(Object(Illuminate/Http/Request))
#33 C:/wamp64/www/pharmacy/vendor/laravel/framework/src/Illuminate/Pipeline/Pipeline.php(209): Illuminate/Http/Middleware/TrustProxies->handle(Object(Illuminate/Http/Request), Object(Closure))
#34 C:/wamp64/www/pharmacy/vendor/laravel/framework/src/Illuminate/Foundation/Http/Middleware/InvokeDeferredCallbacks.php(22): Illuminate/Pipeline/Pipeline->{closure:{closure:Illuminate/Pipeline/Pipeline::carry():184}:185}(Object(Illuminate/Http/Request))
#35 C:/wamp64/www/pharmacy/vendor/laravel/framework/src/Illuminate/Pipeline/Pipeline.php(209): Illuminate/Foundation/Http/Middleware/InvokeDeferredCallbacks->handle(Object(Illuminate/Http/Request), Object(Closure))
#36 C:/wamp64/www/pharmacy/vendor/laravel/framework/src/Illuminate/Pipeline/Pipeline.php(127): Illuminate/Pipeline/Pipeline->{closure:{closure:Illuminate/Pipeline/Pipeline::carry():184}:185}(Object(Illuminate/Http/Request))
#37 C:/wamp64/www/pharmacy/vendor/laravel/framework/src/Illuminate/Foundation/Http/Kernel.php(176): Illuminate/Pipeline/Pipeline->then(Object(Closure))
#38 C:/wamp64/www/pharmacy/vendor/laravel/framework/src/Illuminate/Foundation/Http/Kernel.php(145): Illuminate/Foundation/Http/Kernel->sendRequestThroughRouter(Object(Illuminate/Http/Request))
#39 C:/wamp64/www/pharmacy/public/index.php(14): Illuminate/Foundation/Http/Kernel->handle(Object(Illuminate/Http/Request))
#40 C:/wamp64/www/pharmacy/vendor/laravel/framework/src/Illuminate/Foundation/resources/server.php(23): require_once('C://wamp64//www//p...')
#41 {main}
"} 
[2026-04-30 06:57:19] local.ERROR: file_put_contents(C:\wamp64\www\pharmacy\storage\framework/sessions/XrxjpN4E1fzYjsl9rIOw6KTORNDGb13HovkZveIa): Failed to open stream: No such file or directory {"exception":"[object] (ErrorException(code: 0): file_put_contents(C:\\wamp64\\www\\pharmacy\\storage\\framework/sessions/XrxjpN4E1fzYjsl9rIOw6KTORNDGb13HovkZveIa): Failed to open stream: No such file or directory at C:/wamp64/www/pharmacy/vendor/laravel/framework/src/Illuminate/Filesystem/Filesystem.php:204)
[stacktrace]
#0 C:/wamp64/www/pharmacy/vendor/laravel/framework/src/Illuminate/Foundation/Bootstrap/HandleExceptions.php(258): Illuminate/Foundation/Bootstrap/HandleExceptions->handleError(2, 'file_put_conten...', 'C://wamp64//www//p...', 204)
#1 [internal function]: Illuminate/Foundation/Bootstrap/HandleExceptions->{closure:Illuminate/Foundation/Bootstrap/HandleExceptions::forwardsTo():257}(2, 'file_put_conten...', 'C://wamp64//www//p...', 204)
#2 C:/wamp64/www/pharmacy/vendor/laravel/framework/src/Illuminate/Filesystem/Filesystem.php(204): file_put_contents('C://wamp64//www//p...', 'a:3:{s:6:\"_toke...', 2)
#3 C:/wamp64/www/pharmacy/vendor/laravel/framework/src/Illuminate/Session/FileSessionHandler.php(90): Illuminate/Filesystem/Filesystem->put('C://wamp64//www//p...', 'a:3:{s:6:\"_toke...', true)
#4 C:/wamp64/www/pharmacy/vendor/laravel/framework/src/Illuminate/Session/Store.php(176): Illuminate/Session/FileSessionHandler->write('XrxjpN4E1fzYjsl...', 'a:3:{s:6:\"_toke...')
#5 C:/wamp64/www/pharmacy/vendor/laravel/framework/src/Illuminate/Session/Middleware/StartSession.php(245): Illuminate/Session/Store->save()
#6 C:/wamp64/www/pharmacy/vendor/laravel/framework/src/Illuminate/Session/Middleware/StartSession.php(130): Illuminate/Session/Middleware/StartSession->saveSession(Object(Illuminate/Http/Request))
#7 C:/wamp64/www/pharmacy/vendor/laravel/framework/src/Illuminate/Session/Middleware/StartSession.php(64): Illuminate/Session/Middleware/StartSession->handleStatefulRequest(Object(Illuminate/Http/Request), Object(Illuminate/Session/Store), Object(Closure))
#8 C:/wamp64/www/pharmacy/vendor/laravel/framework/src/Illuminate/Pipeline/Pipeline.php(209): Illuminate/Session/Middleware/StartSession->handle(Object(Illuminate/Http/Request), Object(Closure))
#9 C:/wamp64/www/pharmacy/vendor/laravel/framework/src/Illuminate/Cookie/Middleware/AddQueuedCookiesToResponse.php(37): Illuminate/Pipeline/Pipeline->{closure:{closure:Illuminate/Pipeline/Pipeline::carry():184}:185}(Object(Illuminate/Http/Request))
#10 C:/wamp64/www/pharmacy/vendor/laravel/framework/src/Illuminate/Pipeline/Pipeline.php(209): Illuminate/Cookie/Middleware/AddQueuedCookiesToResponse->handle(Object(Illuminate/Http/Request), Object(Closure))
#11 C:/wamp64/www/pharmacy/vendor/laravel/framework/src/Illuminate/Cookie/Middleware/EncryptCookies.php(75): Illuminate/Pipeline/Pipeline->{closure:{closure:Illuminate/Pipeline/Pipeline::carry():184}:185}(Object(Illuminate/Http/Request))
#12 C:/wamp64/www/pharmacy/vendor/laravel/framework/src/Illuminate/Pipeline/Pipeline.php(209): Illuminate/Cookie/Middleware/EncryptCookies->handle(Object(Illuminate/Http/Request), Object(Closure))
#13 C:/wamp64/www/pharmacy/vendor/laravel/framework/src/Illuminate/Pipeline/Pipeline.php(127): Illuminate/Pipeline/Pipeline->{closure:{closure:Illuminate/Pipeline/Pipeline::carry():184}:185}(Object(Illuminate/Http/Request))
#14 C:/wamp64/www/pharmacy/vendor/laravel/framework/src/Illuminate/Routing/Router.php(807): Illuminate/Pipeline/Pipeline->then(Object(Closure))
#15 C:/wamp64/www/pharmacy/vendor/laravel/framework/src/Illuminate/Routing/Router.php(786): Illuminate/Routing/Router->runRouteWithinStack(Object(Illuminate/Routing/Route), Object(Illuminate/Http/Request))
#16 C:/wamp64/www/pharmacy/vendor/laravel/framework/src/Illuminate/Routing/Router.php(750): Illuminate/Routing/Router->runRoute(Object(Illuminate/Http/Request), Object(Illuminate/Routing/Route))
#17 C:/wamp64/www/pharmacy/vendor/laravel/framework/src/Illuminate/Routing/Router.php(739): Illuminate/Routing/Router->dispatchToRoute(Object(Illuminate/Http/Request))
#18 C:/wamp64/www/pharmacy/vendor/laravel/framework/src/Illuminate/Foundation/Http/Kernel.php(201): Illuminate/Routing/Router->dispatch(Object(Illuminate/Http/Request))
#19 C:/wamp64/www/pharmacy/vendor/laravel/framework/src/Illuminate/Pipeline/Pipeline.php(170): Illuminate/Foundation/Http/Kernel->{closure:Illuminate/Foundation/Http/Kernel::dispatchToRouter():198}(Object(Illuminate/Http/Request))
#20 C:/wamp64/www/pharmacy/vendor/laravel/framework/src/Illuminate/Foundation/Http/Middleware/TransformsRequest.php(21): Illuminate/Pipeline/Pipeline->{closure:Illuminate/Pipeline/Pipeline::prepareDestination():168}(Object(Illuminate/Http/Request))
#21 C:/wamp64/www/pharmacy/vendor/laravel/framework/src/Illuminate/Foundation/Http/Middleware/ConvertEmptyStringsToNull.php(31): Illuminate/Foundation/Http/Middleware/TransformsRequest->handle(Object(Illuminate/Http/Request), Object(Closure))
#22 C:/wamp64/www/pharmacy/vendor/laravel/framework/src/Illuminate/Pipeline/Pipeline.php(209): Illuminate/Foundation/Http/Middleware/ConvertEmptyStringsToNull->handle(Object(Illuminate/Http/Request), Object(Closure))
#23 C:/wamp64/www/pharmacy/vendor/laravel/framework/src/Illuminate/Foundation/Http/Middleware/TransformsRequest.php(21): Illuminate/Pipeline/Pipeline->{closure:{closure:Illuminate/Pipeline/Pipeline::carry():184}:185}(Object(Illuminate/Http/Request))
#24 C:/wamp64/www/pharmacy/vendor/laravel/framework/src/Illuminate/Foundation/Http/Middleware/TrimStrings.php(51): Illuminate/Foundation/Http/Middleware/TransformsRequest->handle(Object(Illuminate/Http/Request), Object(Closure))
#25 C:/wamp64/www/pharmacy/vendor/laravel/framework/src/Illuminate/Pipeline/Pipeline.php(209): Illuminate/Foundation/Http/Middleware/TrimStrings->handle(Object(Illuminate/Http/Request), Object(Closure))
#26 C:/wamp64/www/pharmacy/vendor/laravel/framework/src/Illuminate/Http/Middleware/ValidatePostSize.php(27): Illuminate/Pipeline/Pipeline->{closure:{closure:Illuminate/Pipeline/Pipeline::carry():184}:185}(Object(Illuminate/Http/Request))
#27 C:/wamp64/www/pharmacy/vendor/laravel/framework/src/Illuminate/Pipeline/Pipeline.php(209): Illuminate/Http/Middleware/ValidatePostSize->handle(Object(Illuminate/Http/Request), Object(Closure))
#28 C:/wamp64/www/pharmacy/vendor/laravel/framework/src/Illuminate/Foundation/Http/Middleware/PreventRequestsDuringMaintenance.php(110): Illuminate/Pipeline/Pipeline->{closure:{closure:Illuminate/Pipeline/Pipeline::carry():184}:185}(Object(Illuminate/Http/Request))
#29 C:/wamp64/www/pharmacy/vendor/laravel/framework/src/Illuminate/Pipeline/Pipeline.php(209): Illuminate/Foundation/Http/Middleware/PreventRequestsDuringMaintenance->handle(Object(Illuminate/Http/Request), Object(Closure))
#30 C:/wamp64/www/pharmacy/vendor/laravel/framework/src/Illuminate/Http/Middleware/HandleCors.php(49): Illuminate/Pipeline/Pipeline->{closure:{closure:Illuminate/Pipeline/Pipeline::carry():184}:185}(Object(Illuminate/Http/Request))
#31 C:/wamp64/www/pharmacy/vendor/laravel/framework/src/Illuminate/Pipeline/Pipeline.php(209): Illuminate/Http/Middleware/HandleCors->handle(Object(Illuminate/Http/Request), Object(Closure))
#32 C:/wamp64/www/pharmacy/vendor/laravel/framework/src/Illuminate/Http/Middleware/TrustProxies.php(58): Illuminate/Pipeline/Pipeline->{closure:{closure:Illuminate/Pipeline/Pipeline::carry():184}:185}(Object(Illuminate/Http/Request))
#33 C:/wamp64/www/pharmacy/vendor/laravel/framework/src/Illuminate/Pipeline/Pipeline.php(209): Illuminate/Http/Middleware/TrustProxies->handle(Object(Illuminate/Http/Request), Object(Closure))
#34 C:/wamp64/www/pharmacy/vendor/laravel/framework/src/Illuminate/Foundation/Http/Middleware/InvokeDeferredCallbacks.php(22): Illuminate/Pipeline/Pipeline->{closure:{closure:Illuminate/Pipeline/Pipeline::carry():184}:185}(Object(Illuminate/Http/Request))
#35 C:/wamp64/www/pharmacy/vendor/laravel/framework/src/Illuminate/Pipeline/Pipeline.php(209): Illuminate/Foundation/Http/Middleware/InvokeDeferredCallbacks->handle(Object(Illuminate/Http/Request), Object(Closure))
#36 C:/wamp64/www/pharmacy/vendor/laravel/framework/src/Illuminate/Pipeline/Pipeline.php(127): Illuminate/Pipeline/Pipeline->{closure:{closure:Illuminate/Pipeline/Pipeline::carry():184}:185}(Object(Illuminate/Http/Request))
#37 C:/wamp64/www/pharmacy/vendor/laravel/framework/src/Illuminate/Foundation/Http/Kernel.php(176): Illuminate/Pipeline/Pipeline->then(Object(Closure))
#38 C:/wamp64/www/pharmacy/vendor/laravel/framework/src/Illuminate/Foundation/Http/Kernel.php(145): Illuminate/Foundation/Http/Kernel->sendRequestThroughRouter(Object(Illuminate/Http/Request))
#39 C:/wamp64/www/pharmacy/public/index.php(14): Illuminate/Foundation/Http/Kernel->handle(Object(Illuminate/Http/Request))
#40 C:/wamp64/www/pharmacy/vendor/laravel/framework/src/Illuminate/Foundation/resources/server.php(23): require_once('C://wamp64//www//p...')
#41 {main}
"} 
[2026-04-30 07:00:33] local.ERROR: file_put_contents(C:\wamp64\www\pharmacy\storage\framework/sessions/4VIBqoFzN2kIIbjVbn81B7eLiwWSvyqIhVByRMIo): Failed to open stream: No such file or directory {"exception":"[object] (ErrorException(code: 0): file_put_contents(C:\\wamp64\\www\\pharmacy\\storage\\framework/sessions/4VIBqoFzN2kIIbjVbn81B7eLiwWSvyqIhVByRMIo): Failed to open stream: No such file or directory at C:/wamp64/www/pharmacy/vendor/laravel/framework/src/Illuminate/Filesystem/Filesystem.php:204)
[stacktrace]
#0 C:/wamp64/www/pharmacy/vendor/laravel/framework/src/Illuminate/Foundation/Bootstrap/HandleExceptions.php(258): Illuminate/Foundation/Bootstrap/HandleExceptions->handleError(2, 'file_put_conten...', 'C://wamp64//www//p...', 204)
#1 [internal function]: Illuminate/Foundation/Bootstrap/HandleExceptions->{closure:Illuminate/Foundation/Bootstrap/HandleExceptions::forwardsTo():257}(2, 'file_put_conten...', 'C://wamp64//www//p...', 204)
#2 C:/wamp64/www/pharmacy/vendor/laravel/framework/src/Illuminate/Filesystem/Filesystem.php(204): file_put_contents('C://wamp64//www//p...', 'a:3:{s:6:\"_toke...', 2)
#3 C:/wamp64/www/pharmacy/vendor/laravel/framework/src/Illuminate/Session/FileSessionHandler.php(90): Illuminate/Filesystem/Filesystem->put('C://wamp64//www//p...', 'a:3:{s:6:\"_toke...', true)
#4 C:/wamp64/www/pharmacy/vendor/laravel/framework/src/Illuminate/Session/Store.php(176): Illuminate/Session/FileSessionHandler->write('4VIBqoFzN2kIIbj...', 'a:3:{s:6:\"_toke...')
#5 C:/wamp64/www/pharmacy/vendor/laravel/framework/src/Illuminate/Session/Middleware/StartSession.php(245): Illuminate/Session/Store->save()
#6 C:/wamp64/www/pharmacy/vendor/laravel/framework/src/Illuminate/Session/Middleware/StartSession.php(130): Illuminate/Session/Middleware/StartSession->saveSession(Object(Illuminate/Http/Request))
#7 C:/wamp64/www/pharmacy/vendor/laravel/framework/src/Illuminate/Session/Middleware/StartSession.php(64): Illuminate/Session/Middleware/StartSession->handleStatefulRequest(Object(Illuminate/Http/Request), Object(Illuminate/Session/Store), Object(Closure))
#8 C:/wamp64/www/pharmacy/vendor/laravel/framework/src/Illuminate/Pipeline/Pipeline.php(209): Illuminate/Session/Middleware/StartSession->handle(Object(Illuminate/Http/Request), Object(Closure))
#9 C:/wamp64/www/pharmacy/vendor/laravel/framework/src/Illuminate/Cookie/Middleware/AddQueuedCookiesToResponse.php(37): Illuminate/Pipeline/Pipeline->{closure:{closure:Illuminate/Pipeline/Pipeline::carry():184}:185}(Object(Illuminate/Http/Request))
#10 C:/wamp64/www/pharmacy/vendor/laravel/framework/src/Illuminate/Pipeline/Pipeline.php(209): Illuminate/Cookie/Middleware/AddQueuedCookiesToResponse->handle(Object(Illuminate/Http/Request), Object(Closure))
#11 C:/wamp64/www/pharmacy/vendor/laravel/framework/src/Illuminate/Cookie/Middleware/EncryptCookies.php(75): Illuminate/Pipeline/Pipeline->{closure:{closure:Illuminate/Pipeline/Pipeline::carry():184}:185}(Object(Illuminate/Http/Request))
#12 C:/wamp64/www/pharmacy/vendor/laravel/framework/src/Illuminate/Pipeline/Pipeline.php(209): Illuminate/Cookie/Middleware/EncryptCookies->handle(Object(Illuminate/Http/Request), Object(Closure))
#13 C:/wamp64/www/pharmacy/vendor/laravel/framework/src/Illuminate/Pipeline/Pipeline.php(127): Illuminate/Pipeline/Pipeline->{closure:{closure:Illuminate/Pipeline/Pipeline::carry():184}:185}(Object(Illuminate/Http/Request))
#14 C:/wamp64/www/pharmacy/vendor/laravel/framework/src/Illuminate/Routing/Router.php(807): Illuminate/Pipeline/Pipeline->then(Object(Closure))
#15 C:/wamp64/www/pharmacy/vendor/laravel/framework/src/Illuminate/Routing/Router.php(786): Illuminate/Routing/Router->runRouteWithinStack(Object(Illuminate/Routing/Route), Object(Illuminate/Http/Request))
#16 C:/wamp64/www/pharmacy/vendor/laravel/framework/src/Illuminate/Routing/Router.php(750): Illuminate/Routing/Router->runRoute(Object(Illuminate/Http/Request), Object(Illuminate/Routing/Route))
#17 C:/wamp64/www/pharmacy/vendor/laravel/framework/src/Illuminate/Routing/Router.php(739): Illuminate/Routing/Router->dispatchToRoute(Object(Illuminate/Http/Request))
#18 C:/wamp64/www/pharmacy/vendor/laravel/framework/src/Illuminate/Foundation/Http/Kernel.php(201): Illuminate/Routing/Router->dispatch(Object(Illuminate/Http/Request))
#19 C:/wamp64/www/pharmacy/vendor/laravel/framework/src/Illuminate/Pipeline/Pipeline.php(170): Illuminate/Foundation/Http/Kernel->{closure:Illuminate/Foundation/Http/Kernel::dispatchToRouter():198}(Object(Illuminate/Http/Request))
#20 C:/wamp64/www/pharmacy/vendor/laravel/framework/src/Illuminate/Foundation/Http/Middleware/TransformsRequest.php(21): Illuminate/Pipeline/Pipeline->{closure:Illuminate/Pipeline/Pipeline::prepareDestination():168}(Object(Illuminate/Http/Request))
#21 C:/wamp64/www/pharmacy/vendor/laravel/framework/src/Illuminate/Foundation/Http/Middleware/ConvertEmptyStringsToNull.php(31): Illuminate/Foundation/Http/Middleware/TransformsRequest->handle(Object(Illuminate/Http/Request), Object(Closure))
#22 C:/wamp64/www/pharmacy/vendor/laravel/framework/src/Illuminate/Pipeline/Pipeline.php(209): Illuminate/Foundation/Http/Middleware/ConvertEmptyStringsToNull->handle(Object(Illuminate/Http/Request), Object(Closure))
#23 C:/wamp64/www/pharmacy/vendor/laravel/framework/src/Illuminate/Foundation/Http/Middleware/TransformsRequest.php(21): Illuminate/Pipeline/Pipeline->{closure:{closure:Illuminate/Pipeline/Pipeline::carry():184}:185}(Object(Illuminate/Http/Request))
#24 C:/wamp64/www/pharmacy/vendor/laravel/framework/src/Illuminate/Foundation/Http/Middleware/TrimStrings.php(51): Illuminate/Foundation/Http/Middleware/TransformsRequest->handle(Object(Illuminate/Http/Request), Object(Closure))
#25 C:/wamp64/www/pharmacy/vendor/laravel/framework/src/Illuminate/Pipeline/Pipeline.php(209): Illuminate/Foundation/Http/Middleware/TrimStrings->handle(Object(Illuminate/Http/Request), Object(Closure))
#26 C:/wamp64/www/pharmacy/vendor/laravel/framework/src/Illuminate/Http/Middleware/ValidatePostSize.php(27): Illuminate/Pipeline/Pipeline->{closure:{closure:Illuminate/Pipeline/Pipeline::carry():184}:185}(Object(Illuminate/Http/Request))
#27 C:/wamp64/www/pharmacy/vendor/laravel/framework/src/Illuminate/Pipeline/Pipeline.php(209): Illuminate/Http/Middleware/ValidatePostSize->handle(Object(Illuminate/Http/Request), Object(Closure))
#28 C:/wamp64/www/pharmacy/vendor/laravel/framework/src/Illuminate/Foundation/Http/Middleware/PreventRequestsDuringMaintenance.php(110): Illuminate/Pipeline/Pipeline->{closure:{closure:Illuminate/Pipeline/Pipeline::carry():184}:185}(Object(Illuminate/Http/Request))
#29 C:/wamp64/www/pharmacy/vendor/laravel/framework/src/Illuminate/Pipeline/Pipeline.php(209): Illuminate/Foundation/Http/Middleware/PreventRequestsDuringMaintenance->handle(Object(Illuminate/Http/Request), Object(Closure))
#30 C:/wamp64/www/pharmacy/vendor/laravel/framework/src/Illuminate/Http/Middleware/HandleCors.php(49): Illuminate/Pipeline/Pipeline->{closure:{closure:Illuminate/Pipeline/Pipeline::carry():184}:185}(Object(Illuminate/Http/Request))
#31 C:/wamp64/www/pharmacy/vendor/laravel/framework/src/Illuminate/Pipeline/Pipeline.php(209): Illuminate/Http/Middleware/HandleCors->handle(Object(Illuminate/Http/Request), Object(Closure))
#32 C:/wamp64/www/pharmacy/vendor/laravel/framework/src/Illuminate/Http/Middleware/TrustProxies.php(58): Illuminate/Pipeline/Pipeline->{closure:{closure:Illuminate/Pipeline/Pipeline::carry():184}:185}(Object(Illuminate/Http/Request))
#33 C:/wamp64/www/pharmacy/vendor/laravel/framework/src/Illuminate/Pipeline/Pipeline.php(209): Illuminate/Http/Middleware/TrustProxies->handle(Object(Illuminate/Http/Request), Object(Closure))
#34 C:/wamp64/www/pharmacy/vendor/laravel/framework/src/Illuminate/Foundation/Http/Middleware/InvokeDeferredCallbacks.php(22): Illuminate/Pipeline/Pipeline->{closure:{closure:Illuminate/Pipeline/Pipeline::carry():184}:185}(Object(Illuminate/Http/Request))
#35 C:/wamp64/www/pharmacy/vendor/laravel/framework/src/Illuminate/Pipeline/Pipeline.php(209): Illuminate/Foundation/Http/Middleware/InvokeDeferredCallbacks->handle(Object(Illuminate/Http/Request), Object(Closure))
#36 C:/wamp64/www/pharmacy/vendor/laravel/framework/src/Illuminate/Pipeline/Pipeline.php(127): Illuminate/Pipeline/Pipeline->{closure:{closure:Illuminate/Pipeline/Pipeline::carry():184}:185}(Object(Illuminate/Http/Request))
#37 C:/wamp64/www/pharmacy/vendor/laravel/framework/src/Illuminate/Foundation/Http/Kernel.php(176): Illuminate/Pipeline/Pipeline->then(Object(Closure))
#38 C:/wamp64/www/pharmacy/vendor/laravel/framework/src/Illuminate/Foundation/Http/Kernel.php(145): Illuminate/Foundation/Http/Kernel->sendRequestThroughRouter(Object(Illuminate/Http/Request))
#39 C:/wamp64/www/pharmacy/public/index.php(14): Illuminate/Foundation/Http/Kernel->handle(Object(Illuminate/Http/Request))
#40 C:/wamp64/www/pharmacy/vendor/laravel/framework/src/Illuminate/Foundation/resources/server.php(23): require_once('C://wamp64//www//p...')
#41 {main}
"} 
[2026-04-30 07:02:01] local.ERROR: file_put_contents(C:\wamp64\www\pharmacy\storage\framework/sessions/EcJJYsxzisW3Z6MLyuMrDwarUYekhQpBB0w17GBE): Failed to open stream: No such file or directory {"exception":"[object] (ErrorException(code: 0): file_put_contents(C:\\wamp64\\www\\pharmacy\\storage\\framework/sessions/EcJJYsxzisW3Z6MLyuMrDwarUYekhQpBB0w17GBE): Failed to open stream: No such file or directory at C:/wamp64/www/pharmacy/vendor/laravel/framework/src/Illuminate/Filesystem/Filesystem.php:204)
[stacktrace]
#0 C:/wamp64/www/pharmacy/vendor/laravel/framework/src/Illuminate/Foundation/Bootstrap/HandleExceptions.php(258): Illuminate/Foundation/Bootstrap/HandleExceptions->handleError(2, 'file_put_conten...', 'C://wamp64//www//p...', 204)
#1 [internal function]: Illuminate/Foundation/Bootstrap/HandleExceptions->{closure:Illuminate/Foundation/Bootstrap/HandleExceptions::forwardsTo():257}(2, 'file_put_conten...', 'C://wamp64//www//p...', 204)
#2 C:/wamp64/www/pharmacy/vendor/laravel/framework/src/Illuminate/Filesystem/Filesystem.php(204): file_put_contents('C://wamp64//www//p...', 'a:3:{s:6:\"_toke...', 2)
#3 C:/wamp64/www/pharmacy/vendor/laravel/framework/src/Illuminate/Session/FileSessionHandler.php(90): Illuminate/Filesystem/Filesystem->put('C://wamp64//www//p...', 'a:3:{s:6:\"_toke...', true)
#4 C:/wamp64/www/pharmacy/vendor/laravel/framework/src/Illuminate/Session/Store.php(176): Illuminate/Session/FileSessionHandler->write('EcJJYsxzisW3Z6M...', 'a:3:{s:6:\"_toke...')
#5 C:/wamp64/www/pharmacy/vendor/laravel/framework/src/Illuminate/Session/Middleware/StartSession.php(245): Illuminate/Session/Store->save()
#6 C:/wamp64/www/pharmacy/vendor/laravel/framework/src/Illuminate/Session/Middleware/StartSession.php(130): Illuminate/Session/Middleware/StartSession->saveSession(Object(Illuminate/Http/Request))
#7 C:/wamp64/www/pharmacy/vendor/laravel/framework/src/Illuminate/Session/Middleware/StartSession.php(64): Illuminate/Session/Middleware/StartSession->handleStatefulRequest(Object(Illuminate/Http/Request), Object(Illuminate/Session/Store), Object(Closure))
#8 C:/wamp64/www/pharmacy/vendor/laravel/framework/src/Illuminate/Pipeline/Pipeline.php(209): Illuminate/Session/Middleware/StartSession->handle(Object(Illuminate/Http/Request), Object(Closure))
#9 C:/wamp64/www/pharmacy/vendor/laravel/framework/src/Illuminate/Cookie/Middleware/AddQueuedCookiesToResponse.php(37): Illuminate/Pipeline/Pipeline->{closure:{closure:Illuminate/Pipeline/Pipeline::carry():184}:185}(Object(Illuminate/Http/Request))
#10 C:/wamp64/www/pharmacy/vendor/laravel/framework/src/Illuminate/Pipeline/Pipeline.php(209): Illuminate/Cookie/Middleware/AddQueuedCookiesToResponse->handle(Object(Illuminate/Http/Request), Object(Closure))
#11 C:/wamp64/www/pharmacy/vendor/laravel/framework/src/Illuminate/Cookie/Middleware/EncryptCookies.php(75): Illuminate/Pipeline/Pipeline->{closure:{closure:Illuminate/Pipeline/Pipeline::carry():184}:185}(Object(Illuminate/Http/Request))
#12 C:/wamp64/www/pharmacy/vendor/laravel/framework/src/Illuminate/Pipeline/Pipeline.php(209): Illuminate/Cookie/Middleware/EncryptCookies->handle(Object(Illuminate/Http/Request), Object(Closure))
#13 C:/wamp64/www/pharmacy/vendor/laravel/framework/src/Illuminate/Pipeline/Pipeline.php(127): Illuminate/Pipeline/Pipeline->{closure:{closure:Illuminate/Pipeline/Pipeline::carry():184}:185}(Object(Illuminate/Http/Request))
#14 C:/wamp64/www/pharmacy/vendor/laravel/framework/src/Illuminate/Routing/Router.php(807): Illuminate/Pipeline/Pipeline->then(Object(Closure))
#15 C:/wamp64/www/pharmacy/vendor/laravel/framework/src/Illuminate/Routing/Router.php(786): Illuminate/Routing/Router->runRouteWithinStack(Object(Illuminate/Routing/Route), Object(Illuminate/Http/Request))
#16 C:/wamp64/www/pharmacy/vendor/laravel/framework/src/Illuminate/Routing/Router.php(750): Illuminate/Routing/Router->runRoute(Object(Illuminate/Http/Request), Object(Illuminate/Routing/Route))
#17 C:/wamp64/www/pharmacy/vendor/laravel/framework/src/Illuminate/Routing/Router.php(739): Illuminate/Routing/Router->dispatchToRoute(Object(Illuminate/Http/Request))
#18 C:/wamp64/www/pharmacy/vendor/laravel/framework/src/Illuminate/Foundation/Http/Kernel.php(201): Illuminate/Routing/Router->dispatch(Object(Illuminate/Http/Request))
#19 C:/wamp64/www/pharmacy/vendor/laravel/framework/src/Illuminate/Pipeline/Pipeline.php(170): Illuminate/Foundation/Http/Kernel->{closure:Illuminate/Foundation/Http/Kernel::dispatchToRouter():198}(Object(Illuminate/Http/Request))
#20 C:/wamp64/www/pharmacy/vendor/laravel/framework/src/Illuminate/Foundation/Http/Middleware/TransformsRequest.php(21): Illuminate/Pipeline/Pipeline->{closure:Illuminate/Pipeline/Pipeline::prepareDestination():168}(Object(Illuminate/Http/Request))
#21 C:/wamp64/www/pharmacy/vendor/laravel/framework/src/Illuminate/Foundation/Http/Middleware/ConvertEmptyStringsToNull.php(31): Illuminate/Foundation/Http/Middleware/TransformsRequest->handle(Object(Illuminate/Http/Request), Object(Closure))
#22 C:/wamp64/www/pharmacy/vendor/laravel/framework/src/Illuminate/Pipeline/Pipeline.php(209): Illuminate/Foundation/Http/Middleware/ConvertEmptyStringsToNull->handle(Object(Illuminate/Http/Request), Object(Closure))
#23 C:/wamp64/www/pharmacy/vendor/laravel/framework/src/Illuminate/Foundation/Http/Middleware/TransformsRequest.php(21): Illuminate/Pipeline/Pipeline->{closure:{closure:Illuminate/Pipeline/Pipeline::carry():184}:185}(Object(Illuminate/Http/Request))
#24 C:/wamp64/www/pharmacy/vendor/laravel/framework/src/Illuminate/Foundation/Http/Middleware/TrimStrings.php(51): Illuminate/Foundation/Http/Middleware/TransformsRequest->handle(Object(Illuminate/Http/Request), Object(Closure))
#25 C:/wamp64/www/pharmacy/vendor/laravel/framework/src/Illuminate/Pipeline/Pipeline.php(209): Illuminate/Foundation/Http/Middleware/TrimStrings->handle(Object(Illuminate/Http/Request), Object(Closure))
#26 C:/wamp64/www/pharmacy/vendor/laravel/framework/src/Illuminate/Http/Middleware/ValidatePostSize.php(27): Illuminate/Pipeline/Pipeline->{closure:{closure:Illuminate/Pipeline/Pipeline::carry():184}:185}(Object(Illuminate/Http/Request))
#27 C:/wamp64/www/pharmacy/vendor/laravel/framework/src/Illuminate/Pipeline/Pipeline.php(209): Illuminate/Http/Middleware/ValidatePostSize->handle(Object(Illuminate/Http/Request), Object(Closure))
#28 C:/wamp64/www/pharmacy/vendor/laravel/framework/src/Illuminate/Foundation/Http/Middleware/PreventRequestsDuringMaintenance.php(110): Illuminate/Pipeline/Pipeline->{closure:{closure:Illuminate/Pipeline/Pipeline::carry():184}:185}(Object(Illuminate/Http/Request))
#29 C:/wamp64/www/pharmacy/vendor/laravel/framework/src/Illuminate/Pipeline/Pipeline.php(209): Illuminate/Foundation/Http/Middleware/PreventRequestsDuringMaintenance->handle(Object(Illuminate/Http/Request), Object(Closure))
#30 C:/wamp64/www/pharmacy/vendor/laravel/framework/src/Illuminate/Http/Middleware/HandleCors.php(49): Illuminate/Pipeline/Pipeline->{closure:{closure:Illuminate/Pipeline/Pipeline::carry():184}:185}(Object(Illuminate/Http/Request))
#31 C:/wamp64/www/pharmacy/vendor/laravel/framework/src/Illuminate/Pipeline/Pipeline.php(209): Illuminate/Http/Middleware/HandleCors->handle(Object(Illuminate/Http/Request), Object(Closure))
#32 C:/wamp64/www/pharmacy/vendor/laravel/framework/src/Illuminate/Http/Middleware/TrustProxies.php(58): Illuminate/Pipeline/Pipeline->{closure:{closure:Illuminate/Pipeline/Pipeline::carry():184}:185}(Object(Illuminate/Http/Request))
#33 C:/wamp64/www/pharmacy/vendor/laravel/framework/src/Illuminate/Pipeline/Pipeline.php(209): Illuminate/Http/Middleware/TrustProxies->handle(Object(Illuminate/Http/Request), Object(Closure))
#34 C:/wamp64/www/pharmacy/vendor/laravel/framework/src/Illuminate/Foundation/Http/Middleware/InvokeDeferredCallbacks.php(22): Illuminate/Pipeline/Pipeline->{closure:{closure:Illuminate/Pipeline/Pipeline::carry():184}:185}(Object(Illuminate/Http/Request))
#35 C:/wamp64/www/pharmacy/vendor/laravel/framework/src/Illuminate/Pipeline/Pipeline.php(209): Illuminate/Foundation/Http/Middleware/InvokeDeferredCallbacks->handle(Object(Illuminate/Http/Request), Object(Closure))
#36 C:/wamp64/www/pharmacy/vendor/laravel/framework/src/Illuminate/Pipeline/Pipeline.php(127): Illuminate/Pipeline/Pipeline->{closure:{closure:Illuminate/Pipeline/Pipeline::carry():184}:185}(Object(Illuminate/Http/Request))
#37 C:/wamp64/www/pharmacy/vendor/laravel/framework/src/Illuminate/Foundation/Http/Kernel.php(176): Illuminate/Pipeline/Pipeline->then(Object(Closure))
#38 C:/wamp64/www/pharmacy/vendor/laravel/framework/src/Illuminate/Foundation/Http/Kernel.php(145): Illuminate/Foundation/Http/Kernel->sendRequestThroughRouter(Object(Illuminate/Http/Request))
#39 C:/wamp64/www/pharmacy/public/index.php(14): Illuminate/Foundation/Http/Kernel->handle(Object(Illuminate/Http/Request))
#40 C:/wamp64/www/pharmacy/vendor/laravel/framework/src/Illuminate/Foundation/resources/server.php(23): require_once('C://wamp64//www//p...')
#41 {main}
"} 
[2026-04-30 07:24:34] local.ERROR: file_put_contents(C:\wamp64\www\pharmacy\storage\framework/sessions/uGvfe75ZhOalnrRJf76l3Z55lVsInh8HajCMUbvH): Failed to open stream: No such file or directory {"exception":"[object] (ErrorException(code: 0): file_put_contents(C:\\wamp64\\www\\pharmacy\\storage\\framework/sessions/uGvfe75ZhOalnrRJf76l3Z55lVsInh8HajCMUbvH): Failed to open stream: No such file or directory at C:/wamp64/www/pharmacy/vendor/laravel/framework/src/Illuminate/Filesystem/Filesystem.php:204)
[stacktrace]
#0 C:/wamp64/www/pharmacy/vendor/laravel/framework/src/Illuminate/Foundation/Bootstrap/HandleExceptions.php(258): Illuminate/Foundation/Bootstrap/HandleExceptions->handleError(2, 'file_put_conten...', 'C://wamp64//www//p...', 204)
#1 [internal function]: Illuminate/Foundation/Bootstrap/HandleExceptions->{closure:Illuminate/Foundation/Bootstrap/HandleExceptions::forwardsTo():257}(2, 'file_put_conten...', 'C://wamp64//www//p...', 204)
#2 C:/wamp64/www/pharmacy/vendor/laravel/framework/src/Illuminate/Filesystem/Filesystem.php(204): file_put_contents('C://wamp64//www//p...', 'a:3:{s:6:\"_toke...', 2)
#3 C:/wamp64/www/pharmacy/vendor/laravel/framework/src/Illuminate/Session/FileSessionHandler.php(90): Illuminate/Filesystem/Filesystem->put('C://wamp64//www//p...', 'a:3:{s:6:\"_toke...', true)
#4 C:/wamp64/www/pharmacy/vendor/laravel/framework/src/Illuminate/Session/Store.php(176): Illuminate/Session/FileSessionHandler->write('uGvfe75ZhOalnrR...', 'a:3:{s:6:\"_toke...')
#5 C:/wamp64/www/pharmacy/vendor/laravel/framework/src/Illuminate/Session/Middleware/StartSession.php(245): Illuminate/Session/Store->save()
#6 C:/wamp64/www/pharmacy/vendor/laravel/framework/src/Illuminate/Session/Middleware/StartSession.php(130): Illuminate/Session/Middleware/StartSession->saveSession(Object(Illuminate/Http/Request))
#7 C:/wamp64/www/pharmacy/vendor/laravel/framework/src/Illuminate/Session/Middleware/StartSession.php(64): Illuminate/Session/Middleware/StartSession->handleStatefulRequest(Object(Illuminate/Http/Request), Object(Illuminate/Session/Store), Object(Closure))
#8 C:/wamp64/www/pharmacy/vendor/laravel/framework/src/Illuminate/Pipeline/Pipeline.php(209): Illuminate/Session/Middleware/StartSession->handle(Object(Illuminate/Http/Request), Object(Closure))
#9 C:/wamp64/www/pharmacy/vendor/laravel/framework/src/Illuminate/Cookie/Middleware/AddQueuedCookiesToResponse.php(37): Illuminate/Pipeline/Pipeline->{closure:{closure:Illuminate/Pipeline/Pipeline::carry():184}:185}(Object(Illuminate/Http/Request))
#10 C:/wamp64/www/pharmacy/vendor/laravel/framework/src/Illuminate/Pipeline/Pipeline.php(209): Illuminate/Cookie/Middleware/AddQueuedCookiesToResponse->handle(Object(Illuminate/Http/Request), Object(Closure))
#11 C:/wamp64/www/pharmacy/vendor/laravel/framework/src/Illuminate/Cookie/Middleware/EncryptCookies.php(75): Illuminate/Pipeline/Pipeline->{closure:{closure:Illuminate/Pipeline/Pipeline::carry():184}:185}(Object(Illuminate/Http/Request))
#12 C:/wamp64/www/pharmacy/vendor/laravel/framework/src/Illuminate/Pipeline/Pipeline.php(209): Illuminate/Cookie/Middleware/EncryptCookies->handle(Object(Illuminate/Http/Request), Object(Closure))
#13 C:/wamp64/www/pharmacy/vendor/laravel/framework/src/Illuminate/Pipeline/Pipeline.php(127): Illuminate/Pipeline/Pipeline->{closure:{closure:Illuminate/Pipeline/Pipeline::carry():184}:185}(Object(Illuminate/Http/Request))
#14 C:/wamp64/www/pharmacy/vendor/laravel/framework/src/Illuminate/Routing/Router.php(807): Illuminate/Pipeline/Pipeline->then(Object(Closure))
#15 C:/wamp64/www/pharmacy/vendor/laravel/framework/src/Illuminate/Routing/Router.php(786): Illuminate/Routing/Router->runRouteWithinStack(Object(Illuminate/Routing/Route), Object(Illuminate/Http/Request))
#16 C:/wamp64/www/pharmacy/vendor/laravel/framework/src/Illuminate/Routing/Router.php(750): Illuminate/Routing/Router->runRoute(Object(Illuminate/Http/Request), Object(Illuminate/Routing/Route))
#17 C:/wamp64/www/pharmacy/vendor/laravel/framework/src/Illuminate/Routing/Router.php(739): Illuminate/Routing/Router->dispatchToRoute(Object(Illuminate/Http/Request))
#18 C:/wamp64/www/pharmacy/vendor/laravel/framework/src/Illuminate/Foundation/Http/Kernel.php(201): Illuminate/Routing/Router->dispatch(Object(Illuminate/Http/Request))
#19 C:/wamp64/www/pharmacy/vendor/laravel/framework/src/Illuminate/Pipeline/Pipeline.php(170): Illuminate/Foundation/Http/Kernel->{closure:Illuminate/Foundation/Http/Kernel::dispatchToRouter():198}(Object(Illuminate/Http/Request))
#20 C:/wamp64/www/pharmacy/vendor/laravel/framework/src/Illuminate/Foundation/Http/Middleware/TransformsRequest.php(21): Illuminate/Pipeline/Pipeline->{closure:Illuminate/Pipeline/Pipeline::prepareDestination():168}(Object(Illuminate/Http/Request))
#21 C:/wamp64/www/pharmacy/vendor/laravel/framework/src/Illuminate/Foundation/Http/Middleware/ConvertEmptyStringsToNull.php(31): Illuminate/Foundation/Http/Middleware/TransformsRequest->handle(Object(Illuminate/Http/Request), Object(Closure))
#22 C:/wamp64/www/pharmacy/vendor/laravel/framework/src/Illuminate/Pipeline/Pipeline.php(209): Illuminate/Foundation/Http/Middleware/ConvertEmptyStringsToNull->handle(Object(Illuminate/Http/Request), Object(Closure))
#23 C:/wamp64/www/pharmacy/vendor/laravel/framework/src/Illuminate/Foundation/Http/Middleware/TransformsRequest.php(21): Illuminate/Pipeline/Pipeline->{closure:{closure:Illuminate/Pipeline/Pipeline::carry():184}:185}(Object(Illuminate/Http/Request))
#24 C:/wamp64/www/pharmacy/vendor/laravel/framework/src/Illuminate/Foundation/Http/Middleware/TrimStrings.php(51): Illuminate/Foundation/Http/Middleware/TransformsRequest->handle(Object(Illuminate/Http/Request), Object(Closure))
#25 C:/wamp64/www/pharmacy/vendor/laravel/framework/src/Illuminate/Pipeline/Pipeline.php(209): Illuminate/Foundation/Http/Middleware/TrimStrings->handle(Object(Illuminate/Http/Request), Object(Closure))
#26 C:/wamp64/www/pharmacy/vendor/laravel/framework/src/Illuminate/Http/Middleware/ValidatePostSize.php(27): Illuminate/Pipeline/Pipeline->{closure:{closure:Illuminate/Pipeline/Pipeline::carry():184}:185}(Object(Illuminate/Http/Request))
#27 C:/wamp64/www/pharmacy/vendor/laravel/framework/src/Illuminate/Pipeline/Pipeline.php(209): Illuminate/Http/Middleware/ValidatePostSize->handle(Object(Illuminate/Http/Request), Object(Closure))
#28 C:/wamp64/www/pharmacy/vendor/laravel/framework/src/Illuminate/Foundation/Http/Middleware/PreventRequestsDuringMaintenance.php(110): Illuminate/Pipeline/Pipeline->{closure:{closure:Illuminate/Pipeline/Pipeline::carry():184}:185}(Object(Illuminate/Http/Request))
#29 C:/wamp64/www/pharmacy/vendor/laravel/framework/src/Illuminate/Pipeline/Pipeline.php(209): Illuminate/Foundation/Http/Middleware/PreventRequestsDuringMaintenance->handle(Object(Illuminate/Http/Request), Object(Closure))
#30 C:/wamp64/www/pharmacy/vendor/laravel/framework/src/Illuminate/Http/Middleware/HandleCors.php(49): Illuminate/Pipeline/Pipeline->{closure:{closure:Illuminate/Pipeline/Pipeline::carry():184}:185}(Object(Illuminate/Http/Request))
#31 C:/wamp64/www/pharmacy/vendor/laravel/framework/src/Illuminate/Pipeline/Pipeline.php(209): Illuminate/Http/Middleware/HandleCors->handle(Object(Illuminate/Http/Request), Object(Closure))
#32 C:/wamp64/www/pharmacy/vendor/laravel/framework/src/Illuminate/Http/Middleware/TrustProxies.php(58): Illuminate/Pipeline/Pipeline->{closure:{closure:Illuminate/Pipeline/Pipeline::carry():184}:185}(Object(Illuminate/Http/Request))
#33 C:/wamp64/www/pharmacy/vendor/laravel/framework/src/Illuminate/Pipeline/Pipeline.php(209): Illuminate/Http/Middleware/TrustProxies->handle(Object(Illuminate/Http/Request), Object(Closure))
#34 C:/wamp64/www/pharmacy/vendor/laravel/framework/src/Illuminate/Foundation/Http/Middleware/InvokeDeferredCallbacks.php(22): Illuminate/Pipeline/Pipeline->{closure:{closure:Illuminate/Pipeline/Pipeline::carry():184}:185}(Object(Illuminate/Http/Request))
#35 C:/wamp64/www/pharmacy/vendor/laravel/framework/src/Illuminate/Pipeline/Pipeline.php(209): Illuminate/Foundation/Http/Middleware/InvokeDeferredCallbacks->handle(Object(Illuminate/Http/Request), Object(Closure))
#36 C:/wamp64/www/pharmacy/vendor/laravel/framework/src/Illuminate/Pipeline/Pipeline.php(127): Illuminate/Pipeline/Pipeline->{closure:{closure:Illuminate/Pipeline/Pipeline::carry():184}:185}(Object(Illuminate/Http/Request))
#37 C:/wamp64/www/pharmacy/vendor/laravel/framework/src/Illuminate/Foundation/Http/Kernel.php(176): Illuminate/Pipeline/Pipeline->then(Object(Closure))
#38 C:/wamp64/www/pharmacy/vendor/laravel/framework/src/Illuminate/Foundation/Http/Kernel.php(145): Illuminate/Foundation/Http/Kernel->sendRequestThroughRouter(Object(Illuminate/Http/Request))
#39 C:/wamp64/www/pharmacy/public/index.php(14): Illuminate/Foundation/Http/Kernel->handle(Object(Illuminate/Http/Request))
#40 C:/wamp64/www/pharmacy/vendor/laravel/framework/src/Illuminate/Foundation/resources/server.php(23): require_once('C://wamp64//www//p...')
#41 {main}
"} 
[2026-04-30 07:24:59] local.ERROR: file_put_contents(C:\wamp64\www\pharmacy\storage\framework/sessions/ZTj4GZt6GgMEhnV1yXLKWwyhBLfyZW4iM2Jaz4Xs): Failed to open stream: No such file or directory {"exception":"[object] (ErrorException(code: 0): file_put_contents(C:\\wamp64\\www\\pharmacy\\storage\\framework/sessions/ZTj4GZt6GgMEhnV1yXLKWwyhBLfyZW4iM2Jaz4Xs): Failed to open stream: No such file or directory at C:/wamp64/www/pharmacy/vendor/laravel/framework/src/Illuminate/Filesystem/Filesystem.php:204)
[stacktrace]
#0 C:/wamp64/www/pharmacy/vendor/laravel/framework/src/Illuminate/Foundation/Bootstrap/HandleExceptions.php(258): Illuminate/Foundation/Bootstrap/HandleExceptions->handleError(2, 'file_put_conten...', 'C://wamp64//www//p...', 204)
#1 [internal function]: Illuminate/Foundation/Bootstrap/HandleExceptions->{closure:Illuminate/Foundation/Bootstrap/HandleExceptions::forwardsTo():257}(2, 'file_put_conten...', 'C://wamp64//www//p...', 204)
#2 C:/wamp64/www/pharmacy/vendor/laravel/framework/src/Illuminate/Filesystem/Filesystem.php(204): file_put_contents('C://wamp64//www//p...', 'a:3:{s:6:\"_toke...', 2)
#3 C:/wamp64/www/pharmacy/vendor/laravel/framework/src/Illuminate/Session/FileSessionHandler.php(90): Illuminate/Filesystem/Filesystem->put('C://wamp64//www//p...', 'a:3:{s:6:\"_toke...', true)
#4 C:/wamp64/www/pharmacy/vendor/laravel/framework/src/Illuminate/Session/Store.php(176): Illuminate/Session/FileSessionHandler->write('ZTj4GZt6GgMEhnV...', 'a:3:{s:6:\"_toke...')
#5 C:/wamp64/www/pharmacy/vendor/laravel/framework/src/Illuminate/Session/Middleware/StartSession.php(245): Illuminate/Session/Store->save()
#6 C:/wamp64/www/pharmacy/vendor/laravel/framework/src/Illuminate/Session/Middleware/StartSession.php(130): Illuminate/Session/Middleware/StartSession->saveSession(Object(Illuminate/Http/Request))
#7 C:/wamp64/www/pharmacy/vendor/laravel/framework/src/Illuminate/Session/Middleware/StartSession.php(64): Illuminate/Session/Middleware/StartSession->handleStatefulRequest(Object(Illuminate/Http/Request), Object(Illuminate/Session/Store), Object(Closure))
#8 C:/wamp64/www/pharmacy/vendor/laravel/framework/src/Illuminate/Pipeline/Pipeline.php(209): Illuminate/Session/Middleware/StartSession->handle(Object(Illuminate/Http/Request), Object(Closure))
#9 C:/wamp64/www/pharmacy/vendor/laravel/framework/src/Illuminate/Cookie/Middleware/AddQueuedCookiesToResponse.php(37): Illuminate/Pipeline/Pipeline->{closure:{closure:Illuminate/Pipeline/Pipeline::carry():184}:185}(Object(Illuminate/Http/Request))
#10 C:/wamp64/www/pharmacy/vendor/laravel/framework/src/Illuminate/Pipeline/Pipeline.php(209): Illuminate/Cookie/Middleware/AddQueuedCookiesToResponse->handle(Object(Illuminate/Http/Request), Object(Closure))
#11 C:/wamp64/www/pharmacy/vendor/laravel/framework/src/Illuminate/Cookie/Middleware/EncryptCookies.php(75): Illuminate/Pipeline/Pipeline->{closure:{closure:Illuminate/Pipeline/Pipeline::carry():184}:185}(Object(Illuminate/Http/Request))
#12 C:/wamp64/www/pharmacy/vendor/laravel/framework/src/Illuminate/Pipeline/Pipeline.php(209): Illuminate/Cookie/Middleware/EncryptCookies->handle(Object(Illuminate/Http/Request), Object(Closure))
#13 C:/wamp64/www/pharmacy/vendor/laravel/framework/src/Illuminate/Pipeline/Pipeline.php(127): Illuminate/Pipeline/Pipeline->{closure:{closure:Illuminate/Pipeline/Pipeline::carry():184}:185}(Object(Illuminate/Http/Request))
#14 C:/wamp64/www/pharmacy/vendor/laravel/framework/src/Illuminate/Routing/Router.php(807): Illuminate/Pipeline/Pipeline->then(Object(Closure))
#15 C:/wamp64/www/pharmacy/vendor/laravel/framework/src/Illuminate/Routing/Router.php(786): Illuminate/Routing/Router->runRouteWithinStack(Object(Illuminate/Routing/Route), Object(Illuminate/Http/Request))
#16 C:/wamp64/www/pharmacy/vendor/laravel/framework/src/Illuminate/Routing/Router.php(750): Illuminate/Routing/Router->runRoute(Object(Illuminate/Http/Request), Object(Illuminate/Routing/Route))
#17 C:/wamp64/www/pharmacy/vendor/laravel/framework/src/Illuminate/Routing/Router.php(739): Illuminate/Routing/Router->dispatchToRoute(Object(Illuminate/Http/Request))
#18 C:/wamp64/www/pharmacy/vendor/laravel/framework/src/Illuminate/Foundation/Http/Kernel.php(201): Illuminate/Routing/Router->dispatch(Object(Illuminate/Http/Request))
#19 C:/wamp64/www/pharmacy/vendor/laravel/framework/src/Illuminate/Pipeline/Pipeline.php(170): Illuminate/Foundation/Http/Kernel->{closure:Illuminate/Foundation/Http/Kernel::dispatchToRouter():198}(Object(Illuminate/Http/Request))
#20 C:/wamp64/www/pharmacy/vendor/laravel/framework/src/Illuminate/Foundation/Http/Middleware/TransformsRequest.php(21): Illuminate/Pipeline/Pipeline->{closure:Illuminate/Pipeline/Pipeline::prepareDestination():168}(Object(Illuminate/Http/Request))
#21 C:/wamp64/www/pharmacy/vendor/laravel/framework/src/Illuminate/Foundation/Http/Middleware/ConvertEmptyStringsToNull.php(31): Illuminate/Foundation/Http/Middleware/TransformsRequest->handle(Object(Illuminate/Http/Request), Object(Closure))
#22 C:/wamp64/www/pharmacy/vendor/laravel/framework/src/Illuminate/Pipeline/Pipeline.php(209): Illuminate/Foundation/Http/Middleware/ConvertEmptyStringsToNull->handle(Object(Illuminate/Http/Request), Object(Closure))
#23 C:/wamp64/www/pharmacy/vendor/laravel/framework/src/Illuminate/Foundation/Http/Middleware/TransformsRequest.php(21): Illuminate/Pipeline/Pipeline->{closure:{closure:Illuminate/Pipeline/Pipeline::carry():184}:185}(Object(Illuminate/Http/Request))
#24 C:/wamp64/www/pharmacy/vendor/laravel/framework/src/Illuminate/Foundation/Http/Middleware/TrimStrings.php(51): Illuminate/Foundation/Http/Middleware/TransformsRequest->handle(Object(Illuminate/Http/Request), Object(Closure))
#25 C:/wamp64/www/pharmacy/vendor/laravel/framework/src/Illuminate/Pipeline/Pipeline.php(209): Illuminate/Foundation/Http/Middleware/TrimStrings->handle(Object(Illuminate/Http/Request), Object(Closure))
#26 C:/wamp64/www/pharmacy/vendor/laravel/framework/src/Illuminate/Http/Middleware/ValidatePostSize.php(27): Illuminate/Pipeline/Pipeline->{closure:{closure:Illuminate/Pipeline/Pipeline::carry():184}:185}(Object(Illuminate/Http/Request))
#27 C:/wamp64/www/pharmacy/vendor/laravel/framework/src/Illuminate/Pipeline/Pipeline.php(209): Illuminate/Http/Middleware/ValidatePostSize->handle(Object(Illuminate/Http/Request), Object(Closure))
#28 C:/wamp64/www/pharmacy/vendor/laravel/framework/src/Illuminate/Foundation/Http/Middleware/PreventRequestsDuringMaintenance.php(110): Illuminate/Pipeline/Pipeline->{closure:{closure:Illuminate/Pipeline/Pipeline::carry():184}:185}(Object(Illuminate/Http/Request))
#29 C:/wamp64/www/pharmacy/vendor/laravel/framework/src/Illuminate/Pipeline/Pipeline.php(209): Illuminate/Foundation/Http/Middleware/PreventRequestsDuringMaintenance->handle(Object(Illuminate/Http/Request), Object(Closure))
#30 C:/wamp64/www/pharmacy/vendor/laravel/framework/src/Illuminate/Http/Middleware/HandleCors.php(49): Illuminate/Pipeline/Pipeline->{closure:{closure:Illuminate/Pipeline/Pipeline::carry():184}:185}(Object(Illuminate/Http/Request))
#31 C:/wamp64/www/pharmacy/vendor/laravel/framework/src/Illuminate/Pipeline/Pipeline.php(209): Illuminate/Http/Middleware/HandleCors->handle(Object(Illuminate/Http/Request), Object(Closure))
#32 C:/wamp64/www/pharmacy/vendor/laravel/framework/src/Illuminate/Http/Middleware/TrustProxies.php(58): Illuminate/Pipeline/Pipeline->{closure:{closure:Illuminate/Pipeline/Pipeline::carry():184}:185}(Object(Illuminate/Http/Request))
#33 C:/wamp64/www/pharmacy/vendor/laravel/framework/src/Illuminate/Pipeline/Pipeline.php(209): Illuminate/Http/Middleware/TrustProxies->handle(Object(Illuminate/Http/Request), Object(Closure))
#34 C:/wamp64/www/pharmacy/vendor/laravel/framework/src/Illuminate/Foundation/Http/Middleware/InvokeDeferredCallbacks.php(22): Illuminate/Pipeline/Pipeline->{closure:{closure:Illuminate/Pipeline/Pipeline::carry():184}:185}(Object(Illuminate/Http/Request))
#35 C:/wamp64/www/pharmacy/vendor/laravel/framework/src/Illuminate/Pipeline/Pipeline.php(209): Illuminate/Foundation/Http/Middleware/InvokeDeferredCallbacks->handle(Object(Illuminate/Http/Request), Object(Closure))
#36 C:/wamp64/www/pharmacy/vendor/laravel/framework/src/Illuminate/Pipeline/Pipeline.php(127): Illuminate/Pipeline/Pipeline->{closure:{closure:Illuminate/Pipeline/Pipeline::carry():184}:185}(Object(Illuminate/Http/Request))
#37 C:/wamp64/www/pharmacy/vendor/laravel/framework/src/Illuminate/Foundation/Http/Kernel.php(176): Illuminate/Pipeline/Pipeline->then(Object(Closure))
#38 C:/wamp64/www/pharmacy/vendor/laravel/framework/src/Illuminate/Foundation/Http/Kernel.php(145): Illuminate/Foundation/Http/Kernel->sendRequestThroughRouter(Object(Illuminate/Http/Request))
#39 C:/wamp64/www/pharmacy/public/index.php(14): Illuminate/Foundation/Http/Kernel->handle(Object(Illuminate/Http/Request))
#40 C:/wamp64/www/pharmacy/vendor/laravel/framework/src/Illuminate/Foundation/resources/server.php(23): require_once('C://wamp64//www//p...')
#41 {main}
"} 
[2026-04-30 07:26:16] local.ERROR: file_put_contents(C:\wamp64\www\pharmacy\storage\framework/sessions/HrrHYIGY81PTEYK75XDak7nhvIsig25b0lB04SLf): Failed to open stream: No such file or directory {"exception":"[object] (ErrorException(code: 0): file_put_contents(C:\\wamp64\\www\\pharmacy\\storage\\framework/sessions/HrrHYIGY81PTEYK75XDak7nhvIsig25b0lB04SLf): Failed to open stream: No such file or directory at C:/wamp64/www/pharmacy/vendor/laravel/framework/src/Illuminate/Filesystem/Filesystem.php:204)
[stacktrace]
#0 C:/wamp64/www/pharmacy/vendor/laravel/framework/src/Illuminate/Foundation/Bootstrap/HandleExceptions.php(258): Illuminate/Foundation/Bootstrap/HandleExceptions->handleError(2, 'file_put_conten...', 'C://wamp64//www//p...', 204)
#1 [internal function]: Illuminate/Foundation/Bootstrap/HandleExceptions->{closure:Illuminate/Foundation/Bootstrap/HandleExceptions::forwardsTo():257}(2, 'file_put_conten...', 'C://wamp64//www//p...', 204)
#2 C:/wamp64/www/pharmacy/vendor/laravel/framework/src/Illuminate/Filesystem/Filesystem.php(204): file_put_contents('C://wamp64//www//p...', 'a:3:{s:6:\"_toke...', 2)
#3 C:/wamp64/www/pharmacy/vendor/laravel/framework/src/Illuminate/Session/FileSessionHandler.php(90): Illuminate/Filesystem/Filesystem->put('C://wamp64//www//p...', 'a:3:{s:6:\"_toke...', true)
#4 C:/wamp64/www/pharmacy/vendor/laravel/framework/src/Illuminate/Session/Store.php(176): Illuminate/Session/FileSessionHandler->write('HrrHYIGY81PTEYK...', 'a:3:{s:6:\"_toke...')
#5 C:/wamp64/www/pharmacy/vendor/laravel/framework/src/Illuminate/Session/Middleware/StartSession.php(245): Illuminate/Session/Store->save()
#6 C:/wamp64/www/pharmacy/vendor/laravel/framework/src/Illuminate/Session/Middleware/StartSession.php(130): Illuminate/Session/Middleware/StartSession->saveSession(Object(Illuminate/Http/Request))
#7 C:/wamp64/www/pharmacy/vendor/laravel/framework/src/Illuminate/Session/Middleware/StartSession.php(64): Illuminate/Session/Middleware/StartSession->handleStatefulRequest(Object(Illuminate/Http/Request), Object(Illuminate/Session/Store), Object(Closure))
#8 C:/wamp64/www/pharmacy/vendor/laravel/framework/src/Illuminate/Pipeline/Pipeline.php(209): Illuminate/Session/Middleware/StartSession->handle(Object(Illuminate/Http/Request), Object(Closure))
#9 C:/wamp64/www/pharmacy/vendor/laravel/framework/src/Illuminate/Cookie/Middleware/AddQueuedCookiesToResponse.php(37): Illuminate/Pipeline/Pipeline->{closure:{closure:Illuminate/Pipeline/Pipeline::carry():184}:185}(Object(Illuminate/Http/Request))
#10 C:/wamp64/www/pharmacy/vendor/laravel/framework/src/Illuminate/Pipeline/Pipeline.php(209): Illuminate/Cookie/Middleware/AddQueuedCookiesToResponse->handle(Object(Illuminate/Http/Request), Object(Closure))
#11 C:/wamp64/www/pharmacy/vendor/laravel/framework/src/Illuminate/Cookie/Middleware/EncryptCookies.php(75): Illuminate/Pipeline/Pipeline->{closure:{closure:Illuminate/Pipeline/Pipeline::carry():184}:185}(Object(Illuminate/Http/Request))
#12 C:/wamp64/www/pharmacy/vendor/laravel/framework/src/Illuminate/Pipeline/Pipeline.php(209): Illuminate/Cookie/Middleware/EncryptCookies->handle(Object(Illuminate/Http/Request), Object(Closure))
#13 C:/wamp64/www/pharmacy/vendor/laravel/framework/src/Illuminate/Pipeline/Pipeline.php(127): Illuminate/Pipeline/Pipeline->{closure:{closure:Illuminate/Pipeline/Pipeline::carry():184}:185}(Object(Illuminate/Http/Request))
#14 C:/wamp64/www/pharmacy/vendor/laravel/framework/src/Illuminate/Routing/Router.php(807): Illuminate/Pipeline/Pipeline->then(Object(Closure))
#15 C:/wamp64/www/pharmacy/vendor/laravel/framework/src/Illuminate/Routing/Router.php(786): Illuminate/Routing/Router->runRouteWithinStack(Object(Illuminate/Routing/Route), Object(Illuminate/Http/Request))
#16 C:/wamp64/www/pharmacy/vendor/laravel/framework/src/Illuminate/Routing/Router.php(750): Illuminate/Routing/Router->runRoute(Object(Illuminate/Http/Request), Object(Illuminate/Routing/Route))
#17 C:/wamp64/www/pharmacy/vendor/laravel/framework/src/Illuminate/Routing/Router.php(739): Illuminate/Routing/Router->dispatchToRoute(Object(Illuminate/Http/Request))
#18 C:/wamp64/www/pharmacy/vendor/laravel/framework/src/Illuminate/Foundation/Http/Kernel.php(201): Illuminate/Routing/Router->dispatch(Object(Illuminate/Http/Request))
#19 C:/wamp64/www/pharmacy/vendor/laravel/framework/src/Illuminate/Pipeline/Pipeline.php(170): Illuminate/Foundation/Http/Kernel->{closure:Illuminate/Foundation/Http/Kernel::dispatchToRouter():198}(Object(Illuminate/Http/Request))
#20 C:/wamp64/www/pharmacy/vendor/laravel/framework/src/Illuminate/Foundation/Http/Middleware/TransformsRequest.php(21): Illuminate/Pipeline/Pipeline->{closure:Illuminate/Pipeline/Pipeline::prepareDestination():168}(Object(Illuminate/Http/Request))
#21 C:/wamp64/www/pharmacy/vendor/laravel/framework/src/Illuminate/Foundation/Http/Middleware/ConvertEmptyStringsToNull.php(31): Illuminate/Foundation/Http/Middleware/TransformsRequest->handle(Object(Illuminate/Http/Request), Object(Closure))
#22 C:/wamp64/www/pharmacy/vendor/laravel/framework/src/Illuminate/Pipeline/Pipeline.php(209): Illuminate/Foundation/Http/Middleware/ConvertEmptyStringsToNull->handle(Object(Illuminate/Http/Request), Object(Closure))
#23 C:/wamp64/www/pharmacy/vendor/laravel/framework/src/Illuminate/Foundation/Http/Middleware/TransformsRequest.php(21): Illuminate/Pipeline/Pipeline->{closure:{closure:Illuminate/Pipeline/Pipeline::carry():184}:185}(Object(Illuminate/Http/Request))
#24 C:/wamp64/www/pharmacy/vendor/laravel/framework/src/Illuminate/Foundation/Http/Middleware/TrimStrings.php(51): Illuminate/Foundation/Http/Middleware/TransformsRequest->handle(Object(Illuminate/Http/Request), Object(Closure))
#25 C:/wamp64/www/pharmacy/vendor/laravel/framework/src/Illuminate/Pipeline/Pipeline.php(209): Illuminate/Foundation/Http/Middleware/TrimStrings->handle(Object(Illuminate/Http/Request), Object(Closure))
#26 C:/wamp64/www/pharmacy/vendor/laravel/framework/src/Illuminate/Http/Middleware/ValidatePostSize.php(27): Illuminate/Pipeline/Pipeline->{closure:{closure:Illuminate/Pipeline/Pipeline::carry():184}:185}(Object(Illuminate/Http/Request))
#27 C:/wamp64/www/pharmacy/vendor/laravel/framework/src/Illuminate/Pipeline/Pipeline.php(209): Illuminate/Http/Middleware/ValidatePostSize->handle(Object(Illuminate/Http/Request), Object(Closure))
#28 C:/wamp64/www/pharmacy/vendor/laravel/framework/src/Illuminate/Foundation/Http/Middleware/PreventRequestsDuringMaintenance.php(110): Illuminate/Pipeline/Pipeline->{closure:{closure:Illuminate/Pipeline/Pipeline::carry():184}:185}(Object(Illuminate/Http/Request))
#29 C:/wamp64/www/pharmacy/vendor/laravel/framework/src/Illuminate/Pipeline/Pipeline.php(209): Illuminate/Foundation/Http/Middleware/PreventRequestsDuringMaintenance->handle(Object(Illuminate/Http/Request), Object(Closure))
#30 C:/wamp64/www/pharmacy/vendor/laravel/framework/src/Illuminate/Http/Middleware/HandleCors.php(49): Illuminate/Pipeline/Pipeline->{closure:{closure:Illuminate/Pipeline/Pipeline::carry():184}:185}(Object(Illuminate/Http/Request))
#31 C:/wamp64/www/pharmacy/vendor/laravel/framework/src/Illuminate/Pipeline/Pipeline.php(209): Illuminate/Http/Middleware/HandleCors->handle(Object(Illuminate/Http/Request), Object(Closure))
#32 C:/wamp64/www/pharmacy/vendor/laravel/framework/src/Illuminate/Http/Middleware/TrustProxies.php(58): Illuminate/Pipeline/Pipeline->{closure:{closure:Illuminate/Pipeline/Pipeline::carry():184}:185}(Object(Illuminate/Http/Request))
#33 C:/wamp64/www/pharmacy/vendor/laravel/framework/src/Illuminate/Pipeline/Pipeline.php(209): Illuminate/Http/Middleware/TrustProxies->handle(Object(Illuminate/Http/Request), Object(Closure))
#34 C:/wamp64/www/pharmacy/vendor/laravel/framework/src/Illuminate/Foundation/Http/Middleware/InvokeDeferredCallbacks.php(22): Illuminate/Pipeline/Pipeline->{closure:{closure:Illuminate/Pipeline/Pipeline::carry():184}:185}(Object(Illuminate/Http/Request))
#35 C:/wamp64/www/pharmacy/vendor/laravel/framework/src/Illuminate/Pipeline/Pipeline.php(209): Illuminate/Foundation/Http/Middleware/InvokeDeferredCallbacks->handle(Object(Illuminate/Http/Request), Object(Closure))
#36 C:/wamp64/www/pharmacy/vendor/laravel/framework/src/Illuminate/Pipeline/Pipeline.php(127): Illuminate/Pipeline/Pipeline->{closure:{closure:Illuminate/Pipeline/Pipeline::carry():184}:185}(Object(Illuminate/Http/Request))
#37 C:/wamp64/www/pharmacy/vendor/laravel/framework/src/Illuminate/Foundation/Http/Kernel.php(176): Illuminate/Pipeline/Pipeline->then(Object(Closure))
#38 C:/wamp64/www/pharmacy/vendor/laravel/framework/src/Illuminate/Foundation/Http/Kernel.php(145): Illuminate/Foundation/Http/Kernel->sendRequestThroughRouter(Object(Illuminate/Http/Request))
#39 C:/wamp64/www/pharmacy/public/index.php(14): Illuminate/Foundation/Http/Kernel->handle(Object(Illuminate/Http/Request))
#40 C:/wamp64/www/pharmacy/vendor/laravel/framework/src/Illuminate/Foundation/resources/server.php(23): require_once('C://wamp64//www//p...')
#41 {main}
"} 
[2026-05-06 04:55:42] production.ERROR: could not find driver (Connection: sqlite, SQL: PRAGMA foreign_keys = ON;) {"exception":"[object] (Illuminate\\Database\\QueryException(code: 0): could not find driver (Connection: sqlite, SQL: PRAGMA foreign_keys = ON;) at C:/wamp64/www/pharmacy-desktop/pharmacy-desktop/backend/vendor/laravel/framework/src/Illuminate/Database/Connection.php:825)
[stacktrace]
#0 C:/wamp64/www/pharmacy-desktop/pharmacy-desktop/backend/vendor/laravel/framework/src/Illuminate/Database/Connection.php(779): Illuminate/Database/Connection->runQueryCallback('PRAGMA foreign_...', Array, Object(Closure))
#1 C:/wamp64/www/pharmacy-desktop/pharmacy-desktop/backend/vendor/laravel/framework/src/Illuminate/Database/Connection.php(560): Illuminate/Database/Connection->run('PRAGMA foreign_...', Array, Object(Closure))
#2 C:/wamp64/www/pharmacy-desktop/pharmacy-desktop/backend/vendor/laravel/framework/src/Illuminate/Database/Schema/Builder.php(522): Illuminate/Database/Connection->statement('PRAGMA foreign_...')
#3 C:/wamp64/www/pharmacy-desktop/pharmacy-desktop/backend/vendor/laravel/framework/src/Illuminate/Database/SQLiteConnection.php(59): Illuminate/Database/Schema/Builder->enableForeignKeyConstraints()
#4 C:/wamp64/www/pharmacy-desktop/pharmacy-desktop/backend/vendor/laravel/framework/src/Illuminate/Database/SQLiteConnection.php(28): Illuminate/Database/SQLiteConnection->configureForeignKeyConstraints()
#5 C:/wamp64/www/pharmacy-desktop/pharmacy-desktop/backend/vendor/laravel/framework/src/Illuminate/Database/Connectors/ConnectionFactory.php(277): Illuminate/Database/SQLiteConnection->__construct(Object(Closure), '../data/databas...', '', Array)
#6 C:/wamp64/www/pharmacy-desktop/pharmacy-desktop/backend/vendor/laravel/framework/src/Illuminate/Database/Connectors/ConnectionFactory.php(76): Illuminate/Database/Connectors/ConnectionFactory->createConnection('sqlite', Object(Closure), '../data/databas...', '', Array)
#7 C:/wamp64/www/pharmacy-desktop/pharmacy-desktop/backend/vendor/laravel/framework/src/Illuminate/Database/Connectors/ConnectionFactory.php(51): Illuminate/Database/Connectors/ConnectionFactory->createSingleConnection(Array)
#8 C:/wamp64/www/pharmacy-desktop/pharmacy-desktop/backend/vendor/laravel/framework/src/Illuminate/Database/DatabaseManager.php(207): Illuminate/Database/Connectors/ConnectionFactory->make(Array, 'sqlite')
#9 C:/wamp64/www/pharmacy-desktop/pharmacy-desktop/backend/vendor/laravel/framework/src/Illuminate/Database/DatabaseManager.php(103): Illuminate/Database/DatabaseManager->makeConnection('sqlite')
#10 C:/wamp64/www/pharmacy-desktop/pharmacy-desktop/backend/vendor/laravel/framework/src/Illuminate/Database/DatabaseServiceProvider.php(74): Illuminate/Database/DatabaseManager->connection()
#11 C:/wamp64/www/pharmacy-desktop/pharmacy-desktop/backend/vendor/laravel/framework/src/Illuminate/Container/Container.php(952): Illuminate/Database/DatabaseServiceProvider->{closure:Illuminate/Database/DatabaseServiceProvider::registerConnectionServices():73}(Object(Illuminate/Foundation/Application), Array)
#12 C:/wamp64/www/pharmacy-desktop/pharmacy-desktop/backend/vendor/laravel/framework/src/Illuminate/Container/Container.php(832): Illuminate/Container/Container->build(Object(Closure))
#13 C:/wamp64/www/pharmacy-desktop/pharmacy-desktop/backend/vendor/laravel/framework/src/Illuminate/Foundation/Application.php(1078): Illuminate/Container/Container->resolve('db.schema', Array, true)
#14 C:/wamp64/www/pharmacy-desktop/pharmacy-desktop/backend/vendor/laravel/framework/src/Illuminate/Container/Container.php(763): Illuminate/Foundation/Application->resolve('db.schema', Array)
#15 C:/wamp64/www/pharmacy-desktop/pharmacy-desktop/backend/vendor/laravel/framework/src/Illuminate/Foundation/Application.php(1058): Illuminate/Container/Container->make('db.schema', Array)
#16 C:/wamp64/www/pharmacy-desktop/pharmacy-desktop/backend/vendor/laravel/framework/src/Illuminate/Container/Container.php(1580): Illuminate/Foundation/Application->make('db.schema')
#17 C:/wamp64/www/pharmacy-desktop/pharmacy-desktop/backend/vendor/laravel/framework/src/Illuminate/Support/Facades/Facade.php(242): Illuminate/Container/Container->offsetGet('db.schema')
#18 C:/wamp64/www/pharmacy-desktop/pharmacy-desktop/backend/vendor/laravel/framework/src/Illuminate/Support/Facades/Facade.php(210): Illuminate/Support/Facades/Facade::resolveFacadeInstance('db.schema')
#19 C:/wamp64/www/pharmacy-desktop/pharmacy-desktop/backend/vendor/laravel/framework/src/Illuminate/Support/Facades/Facade.php(355): Illuminate/Support/Facades/Facade::getFacadeRoot()
#20 C:/wamp64/www/pharmacy-desktop/pharmacy-desktop/backend/app/Providers/AppServiceProvider.php(25): Illuminate/Support/Facades/Facade::__callStatic('defaultStringLe...', Array)
#21 C:/wamp64/www/pharmacy-desktop/pharmacy-desktop/backend/vendor/laravel/framework/src/Illuminate/Container/BoundMethod.php(36): App/Providers/AppServiceProvider->boot()
#22 C:/wamp64/www/pharmacy-desktop/pharmacy-desktop/backend/vendor/laravel/framework/src/Illuminate/Container/Util.php(43): Illuminate/Container/BoundMethod::{closure:Illuminate/Container/BoundMethod::call():35}()
#23 C:/wamp64/www/pharmacy-desktop/pharmacy-desktop/backend/vendor/laravel/framework/src/Illuminate/Container/BoundMethod.php(95): Illuminate/Container/Util::unwrapIfClosure(Object(Closure))
#24 C:/wamp64/www/pharmacy-desktop/pharmacy-desktop/backend/vendor/laravel/framework/src/Illuminate/Container/BoundMethod.php(35): Illuminate/Container/BoundMethod::callBoundMethod(Object(Illuminate/Foundation/Application), Array, Object(Closure))
#25 C:/wamp64/www/pharmacy-desktop/pharmacy-desktop/backend/vendor/laravel/framework/src/Illuminate/Container/Container.php(696): Illuminate/Container/BoundMethod::call(Object(Illuminate/Foundation/Application), Array, Array, NULL)
#26 C:/wamp64/www/pharmacy-desktop/pharmacy-desktop/backend/vendor/laravel/framework/src/Illuminate/Foundation/Application.php(1151): Illuminate/Container/Container->call(Array)
#27 C:/wamp64/www/pharmacy-desktop/pharmacy-desktop/backend/vendor/laravel/framework/src/Illuminate/Foundation/Application.php(1132): Illuminate/Foundation/Application->bootProvider(Object(App/Providers/AppServiceProvider))
#28 [internal function]: Illuminate/Foundation/Application->{closure:Illuminate/Foundation/Application::boot():1131}(Object(App/Providers/AppServiceProvider), 'App//Providers//A...')
#29 C:/wamp64/www/pharmacy-desktop/pharmacy-desktop/backend/vendor/laravel/framework/src/Illuminate/Foundation/Application.php(1131): array_walk(Array, Object(Closure))
#30 C:/wamp64/www/pharmacy-desktop/pharmacy-desktop/backend/vendor/laravel/framework/src/Illuminate/Foundation/Bootstrap/BootProviders.php(17): Illuminate/Foundation/Application->boot()
#31 C:/wamp64/www/pharmacy-desktop/pharmacy-desktop/backend/vendor/laravel/framework/src/Illuminate/Foundation/Application.php(342): Illuminate/Foundation/Bootstrap/BootProviders->bootstrap(Object(Illuminate/Foundation/Application))
#32 C:/wamp64/www/pharmacy-desktop/pharmacy-desktop/backend/vendor/laravel/framework/src/Illuminate/Foundation/Console/Kernel.php(474): Illuminate/Foundation/Application->bootstrapWith(Array)
#33 C:/wamp64/www/pharmacy-desktop/pharmacy-desktop/backend/vendor/laravel/framework/src/Illuminate/Foundation/Console/Kernel.php(196): Illuminate/Foundation/Console/Kernel->bootstrap()
#34 C:/wamp64/www/pharmacy-desktop/pharmacy-desktop/backend/vendor/laravel/framework/src/Illuminate/Foundation/Application.php(1235): Illuminate/Foundation/Console/Kernel->handle(Object(Symfony/Component/Console/Input/ArgvInput), Object(Symfony/Component/Console/Output/ConsoleOutput))
#35 C:/wamp64/www/pharmacy-desktop/pharmacy-desktop/backend/artisan(13): Illuminate/Foundation/Application->handleCommand(Object(Symfony/Component/Console/Input/ArgvInput))
#36 {main}

[previous exception] [object] (PDOException(code: 0): could not find driver at C:/wamp64/www/pharmacy-desktop/pharmacy-desktop/backend/vendor/laravel/framework/src/Illuminate/Database/Connectors/Connector.php:67)
[stacktrace]
#0 C:/wamp64/www/pharmacy-desktop/pharmacy-desktop/backend/vendor/laravel/framework/src/Illuminate/Database/Connectors/Connector.php(67): PDO::connect('sqlite:C://wamp6...', NULL, Object(SensitiveParameterValue), Array)
#1 C:/wamp64/www/pharmacy-desktop/pharmacy-desktop/backend/vendor/laravel/framework/src/Illuminate/Database/Connectors/Connector.php(44): Illuminate/Database/Connectors/Connector->createPdoConnection('sqlite:C://wamp6...', NULL, Object(SensitiveParameterValue), Array)
#2 C:/wamp64/www/pharmacy-desktop/pharmacy-desktop/backend/vendor/laravel/framework/src/Illuminate/Database/Connectors/SQLiteConnector.php(40): Illuminate/Database/Connectors/Connector->createConnection('sqlite:C://wamp6...', Array, Array)
#3 C:/wamp64/www/pharmacy-desktop/pharmacy-desktop/backend/vendor/laravel/framework/src/Illuminate/Database/Connectors/ConnectionFactory.php(224): Illuminate/Database/Connectors/SQLiteConnector->connect(Array)
#4 [internal function]: Illuminate/Database/Connectors/ConnectionFactory->{closure:Illuminate/Database/Connectors/ConnectionFactory::createPdoResolverWithoutHosts():224}()
#5 C:/wamp64/www/pharmacy-desktop/pharmacy-desktop/backend/vendor/laravel/framework/src/Illuminate/Database/Connection.php(1231): call_user_func(Object(Closure))
#6 C:/wamp64/www/pharmacy-desktop/pharmacy-desktop/backend/vendor/laravel/framework/src/Illuminate/Database/Connection.php(565): Illuminate/Database/Connection->getPdo()
#7 C:/wamp64/www/pharmacy-desktop/pharmacy-desktop/backend/vendor/laravel/framework/src/Illuminate/Database/Connection.php(812): Illuminate/Database/Connection->{closure:Illuminate/Database/Connection::statement():560}('PRAGMA foreign_...', Array)
#8 C:/wamp64/www/pharmacy-desktop/pharmacy-desktop/backend/vendor/laravel/framework/src/Illuminate/Database/Connection.php(779): Illuminate/Database/Connection->runQueryCallback('PRAGMA foreign_...', Array, Object(Closure))
#9 C:/wamp64/www/pharmacy-desktop/pharmacy-desktop/backend/vendor/laravel/framework/src/Illuminate/Database/Connection.php(560): Illuminate/Database/Connection->run('PRAGMA foreign_...', Array, Object(Closure))
#10 C:/wamp64/www/pharmacy-desktop/pharmacy-desktop/backend/vendor/laravel/framework/src/Illuminate/Database/Schema/Builder.php(522): Illuminate/Database/Connection->statement('PRAGMA foreign_...')
#11 C:/wamp64/www/pharmacy-desktop/pharmacy-desktop/backend/vendor/laravel/framework/src/Illuminate/Database/SQLiteConnection.php(59): Illuminate/Database/Schema/Builder->enableForeignKeyConstraints()
#12 C:/wamp64/www/pharmacy-desktop/pharmacy-desktop/backend/vendor/laravel/framework/src/Illuminate/Database/SQLiteConnection.php(28): Illuminate/Database/SQLiteConnection->configureForeignKeyConstraints()
#13 C:/wamp64/www/pharmacy-desktop/pharmacy-desktop/backend/vendor/laravel/framework/src/Illuminate/Database/Connectors/ConnectionFactory.php(277): Illuminate/Database/SQLiteConnection->__construct(Object(Closure), '../data/databas...', '', Array)
#14 C:/wamp64/www/pharmacy-desktop/pharmacy-desktop/backend/vendor/laravel/framework/src/Illuminate/Database/Connectors/ConnectionFactory.php(76): Illuminate/Database/Connectors/ConnectionFactory->createConnection('sqlite', Object(Closure), '../data/databas...', '', Array)
#15 C:/wamp64/www/pharmacy-desktop/pharmacy-desktop/backend/vendor/laravel/framework/src/Illuminate/Database/Connectors/ConnectionFactory.php(51): Illuminate/Database/Connectors/ConnectionFactory->createSingleConnection(Array)
#16 C:/wamp64/www/pharmacy-desktop/pharmacy-desktop/backend/vendor/laravel/framework/src/Illuminate/Database/DatabaseManager.php(207): Illuminate/Database/Connectors/ConnectionFactory->make(Array, 'sqlite')
#17 C:/wamp64/www/pharmacy-desktop/pharmacy-desktop/backend/vendor/laravel/framework/src/Illuminate/Database/DatabaseManager.php(103): Illuminate/Database/DatabaseManager->makeConnection('sqlite')
#18 C:/wamp64/www/pharmacy-desktop/pharmacy-desktop/backend/vendor/laravel/framework/src/Illuminate/Database/DatabaseServiceProvider.php(74): Illuminate/Database/DatabaseManager->connection()
#19 C:/wamp64/www/pharmacy-desktop/pharmacy-desktop/backend/vendor/laravel/framework/src/Illuminate/Container/Container.php(952): Illuminate/Database/DatabaseServiceProvider->{closure:Illuminate/Database/DatabaseServiceProvider::registerConnectionServices():73}(Object(Illuminate/Foundation/Application), Array)
#20 C:/wamp64/www/pharmacy-desktop/pharmacy-desktop/backend/vendor/laravel/framework/src/Illuminate/Container/Container.php(832): Illuminate/Container/Container->build(Object(Closure))
#21 C:/wamp64/www/pharmacy-desktop/pharmacy-desktop/backend/vendor/laravel/framework/src/Illuminate/Foundation/Application.php(1078): Illuminate/Container/Container->resolve('db.schema', Array, true)
#22 C:/wamp64/www/pharmacy-desktop/pharmacy-desktop/backend/vendor/laravel/framework/src/Illuminate/Container/Container.php(763): Illuminate/Foundation/Application->resolve('db.schema', Array)
#23 C:/wamp64/www/pharmacy-desktop/pharmacy-desktop/backend/vendor/laravel/framework/src/Illuminate/Foundation/Application.php(1058): Illuminate/Container/Container->make('db.schema', Array)
#24 C:/wamp64/www/pharmacy-desktop/pharmacy-desktop/backend/vendor/laravel/framework/src/Illuminate/Container/Container.php(1580): Illuminate/Foundation/Application->make('db.schema')
#25 C:/wamp64/www/pharmacy-desktop/pharmacy-desktop/backend/vendor/laravel/framework/src/Illuminate/Support/Facades/Facade.php(242): Illuminate/Container/Container->offsetGet('db.schema')
#26 C:/wamp64/www/pharmacy-desktop/pharmacy-desktop/backend/vendor/laravel/framework/src/Illuminate/Support/Facades/Facade.php(210): Illuminate/Support/Facades/Facade::resolveFacadeInstance('db.schema')
#27 C:/wamp64/www/pharmacy-desktop/pharmacy-desktop/backend/vendor/laravel/framework/src/Illuminate/Support/Facades/Facade.php(355): Illuminate/Support/Facades/Facade::getFacadeRoot()
#28 C:/wamp64/www/pharmacy-desktop/pharmacy-desktop/backend/app/Providers/AppServiceProvider.php(25): Illuminate/Support/Facades/Facade::__callStatic('defaultStringLe...', Array)
#29 C:/wamp64/www/pharmacy-desktop/pharmacy-desktop/backend/vendor/laravel/framework/src/Illuminate/Container/BoundMethod.php(36): App/Providers/AppServiceProvider->boot()
#30 C:/wamp64/www/pharmacy-desktop/pharmacy-desktop/backend/vendor/laravel/framework/src/Illuminate/Container/Util.php(43): Illuminate/Container/BoundMethod::{closure:Illuminate/Container/BoundMethod::call():35}()
#31 C:/wamp64/www/pharmacy-desktop/pharmacy-desktop/backend/vendor/laravel/framework/src/Illuminate/Container/BoundMethod.php(95): Illuminate/Container/Util::unwrapIfClosure(Object(Closure))
#32 C:/wamp64/www/pharmacy-desktop/pharmacy-desktop/backend/vendor/laravel/framework/src/Illuminate/Container/BoundMethod.php(35): Illuminate/Container/BoundMethod::callBoundMethod(Object(Illuminate/Foundation/Application), Array, Object(Closure))
#33 C:/wamp64/www/pharmacy-desktop/pharmacy-desktop/backend/vendor/laravel/framework/src/Illuminate/Container/Container.php(696): Illuminate/Container/BoundMethod::call(Object(Illuminate/Foundation/Application), Array, Array, NULL)
#34 C:/wamp64/www/pharmacy-desktop/pharmacy-desktop/backend/vendor/laravel/framework/src/Illuminate/Foundation/Application.php(1151): Illuminate/Container/Container->call(Array)
#35 C:/wamp64/www/pharmacy-desktop/pharmacy-desktop/backend/vendor/laravel/framework/src/Illuminate/Foundation/Application.php(1132): Illuminate/Foundation/Application->bootProvider(Object(App/Providers/AppServiceProvider))
#36 [internal function]: Illuminate/Foundation/Application->{closure:Illuminate/Foundation/Application::boot():1131}(Object(App/Providers/AppServiceProvider), 'App//Providers//A...')
#37 C:/wamp64/www/pharmacy-desktop/pharmacy-desktop/backend/vendor/laravel/framework/src/Illuminate/Foundation/Application.php(1131): array_walk(Array, Object(Closure))
#38 C:/wamp64/www/pharmacy-desktop/pharmacy-desktop/backend/vendor/laravel/framework/src/Illuminate/Foundation/Bootstrap/BootProviders.php(17): Illuminate/Foundation/Application->boot()
#39 C:/wamp64/www/pharmacy-desktop/pharmacy-desktop/backend/vendor/laravel/framework/src/Illuminate/Foundation/Application.php(342): Illuminate/Foundation/Bootstrap/BootProviders->bootstrap(Object(Illuminate/Foundation/Application))
#40 C:/wamp64/www/pharmacy-desktop/pharmacy-desktop/backend/vendor/laravel/framework/src/Illuminate/Foundation/Console/Kernel.php(474): Illuminate/Foundation/Application->bootstrapWith(Array)
#41 C:/wamp64/www/pharmacy-desktop/pharmacy-desktop/backend/vendor/laravel/framework/src/Illuminate/Foundation/Console/Kernel.php(196): Illuminate/Foundation/Console/Kernel->bootstrap()
#42 C:/wamp64/www/pharmacy-desktop/pharmacy-desktop/backend/vendor/laravel/framework/src/Illuminate/Foundation/Application.php(1235): Illuminate/Foundation/Console/Kernel->handle(Object(Symfony/Component/Console/Input/ArgvInput), Object(Symfony/Component/Console/Output/ConsoleOutput))
#43 C:/wamp64/www/pharmacy-desktop/pharmacy-desktop/backend/artisan(13): Illuminate/Foundation/Application->handleCommand(Object(Symfony/Component/Console/Input/ArgvInput))
#44 {main}
"} 
[2026-05-06 04:57:57] production.ERROR: could not find driver (Connection: sqlite, SQL: PRAGMA foreign_keys = ON;) {"exception":"[object] (Illuminate\\Database\\QueryException(code: 0): could not find driver (Connection: sqlite, SQL: PRAGMA foreign_keys = ON;) at C:/wamp64/www/pharmacy-desktop/pharmacy-desktop/backend/vendor/laravel/framework/src/Illuminate/Database/Connection.php:825)
[stacktrace]
#0 C:/wamp64/www/pharmacy-desktop/pharmacy-desktop/backend/vendor/laravel/framework/src/Illuminate/Database/Connection.php(779): Illuminate/Database/Connection->runQueryCallback('PRAGMA foreign_...', Array, Object(Closure))
#1 C:/wamp64/www/pharmacy-desktop/pharmacy-desktop/backend/vendor/laravel/framework/src/Illuminate/Database/Connection.php(560): Illuminate/Database/Connection->run('PRAGMA foreign_...', Array, Object(Closure))
#2 C:/wamp64/www/pharmacy-desktop/pharmacy-desktop/backend/vendor/laravel/framework/src/Illuminate/Database/Schema/Builder.php(522): Illuminate/Database/Connection->statement('PRAGMA foreign_...')
#3 C:/wamp64/www/pharmacy-desktop/pharmacy-desktop/backend/vendor/laravel/framework/src/Illuminate/Database/SQLiteConnection.php(59): Illuminate/Database/Schema/Builder->enableForeignKeyConstraints()
#4 C:/wamp64/www/pharmacy-desktop/pharmacy-desktop/backend/vendor/laravel/framework/src/Illuminate/Database/SQLiteConnection.php(28): Illuminate/Database/SQLiteConnection->configureForeignKeyConstraints()
#5 C:/wamp64/www/pharmacy-desktop/pharmacy-desktop/backend/vendor/laravel/framework/src/Illuminate/Database/Connectors/ConnectionFactory.php(277): Illuminate/Database/SQLiteConnection->__construct(Object(Closure), '../data/databas...', '', Array)
#6 C:/wamp64/www/pharmacy-desktop/pharmacy-desktop/backend/vendor/laravel/framework/src/Illuminate/Database/Connectors/ConnectionFactory.php(76): Illuminate/Database/Connectors/ConnectionFactory->createConnection('sqlite', Object(Closure), '../data/databas...', '', Array)
#7 C:/wamp64/www/pharmacy-desktop/pharmacy-desktop/backend/vendor/laravel/framework/src/Illuminate/Database/Connectors/ConnectionFactory.php(51): Illuminate/Database/Connectors/ConnectionFactory->createSingleConnection(Array)
#8 C:/wamp64/www/pharmacy-desktop/pharmacy-desktop/backend/vendor/laravel/framework/src/Illuminate/Database/DatabaseManager.php(207): Illuminate/Database/Connectors/ConnectionFactory->make(Array, 'sqlite')
#9 C:/wamp64/www/pharmacy-desktop/pharmacy-desktop/backend/vendor/laravel/framework/src/Illuminate/Database/DatabaseManager.php(103): Illuminate/Database/DatabaseManager->makeConnection('sqlite')
#10 C:/wamp64/www/pharmacy-desktop/pharmacy-desktop/backend/vendor/laravel/framework/src/Illuminate/Database/DatabaseServiceProvider.php(74): Illuminate/Database/DatabaseManager->connection()
#11 C:/wamp64/www/pharmacy-desktop/pharmacy-desktop/backend/vendor/laravel/framework/src/Illuminate/Container/Container.php(952): Illuminate/Database/DatabaseServiceProvider->{closure:Illuminate/Database/DatabaseServiceProvider::registerConnectionServices():73}(Object(Illuminate/Foundation/Application), Array)
#12 C:/wamp64/www/pharmacy-desktop/pharmacy-desktop/backend/vendor/laravel/framework/src/Illuminate/Container/Container.php(832): Illuminate/Container/Container->build(Object(Closure))
#13 C:/wamp64/www/pharmacy-desktop/pharmacy-desktop/backend/vendor/laravel/framework/src/Illuminate/Foundation/Application.php(1078): Illuminate/Container/Container->resolve('db.schema', Array, true)
#14 C:/wamp64/www/pharmacy-desktop/pharmacy-desktop/backend/vendor/laravel/framework/src/Illuminate/Container/Container.php(763): Illuminate/Foundation/Application->resolve('db.schema', Array)
#15 C:/wamp64/www/pharmacy-desktop/pharmacy-desktop/backend/vendor/laravel/framework/src/Illuminate/Foundation/Application.php(1058): Illuminate/Container/Container->make('db.schema', Array)
#16 C:/wamp64/www/pharmacy-desktop/pharmacy-desktop/backend/vendor/laravel/framework/src/Illuminate/Container/Container.php(1580): Illuminate/Foundation/Application->make('db.schema')
#17 C:/wamp64/www/pharmacy-desktop/pharmacy-desktop/backend/vendor/laravel/framework/src/Illuminate/Support/Facades/Facade.php(242): Illuminate/Container/Container->offsetGet('db.schema')
#18 C:/wamp64/www/pharmacy-desktop/pharmacy-desktop/backend/vendor/laravel/framework/src/Illuminate/Support/Facades/Facade.php(210): Illuminate/Support/Facades/Facade::resolveFacadeInstance('db.schema')
#19 C:/wamp64/www/pharmacy-desktop/pharmacy-desktop/backend/vendor/laravel/framework/src/Illuminate/Support/Facades/Facade.php(355): Illuminate/Support/Facades/Facade::getFacadeRoot()
#20 C:/wamp64/www/pharmacy-desktop/pharmacy-desktop/backend/app/Providers/AppServiceProvider.php(25): Illuminate/Support/Facades/Facade::__callStatic('defaultStringLe...', Array)
#21 C:/wamp64/www/pharmacy-desktop/pharmacy-desktop/backend/vendor/laravel/framework/src/Illuminate/Container/BoundMethod.php(36): App/Providers/AppServiceProvider->boot()
#22 C:/wamp64/www/pharmacy-desktop/pharmacy-desktop/backend/vendor/laravel/framework/src/Illuminate/Container/Util.php(43): Illuminate/Container/BoundMethod::{closure:Illuminate/Container/BoundMethod::call():35}()
#23 C:/wamp64/www/pharmacy-desktop/pharmacy-desktop/backend/vendor/laravel/framework/src/Illuminate/Container/BoundMethod.php(95): Illuminate/Container/Util::unwrapIfClosure(Object(Closure))
#24 C:/wamp64/www/pharmacy-desktop/pharmacy-desktop/backend/vendor/laravel/framework/src/Illuminate/Container/BoundMethod.php(35): Illuminate/Container/BoundMethod::callBoundMethod(Object(Illuminate/Foundation/Application), Array, Object(Closure))
#25 C:/wamp64/www/pharmacy-desktop/pharmacy-desktop/backend/vendor/laravel/framework/src/Illuminate/Container/Container.php(696): Illuminate/Container/BoundMethod::call(Object(Illuminate/Foundation/Application), Array, Array, NULL)
#26 C:/wamp64/www/pharmacy-desktop/pharmacy-desktop/backend/vendor/laravel/framework/src/Illuminate/Foundation/Application.php(1151): Illuminate/Container/Container->call(Array)
#27 C:/wamp64/www/pharmacy-desktop/pharmacy-desktop/backend/vendor/laravel/framework/src/Illuminate/Foundation/Application.php(1132): Illuminate/Foundation/Application->bootProvider(Object(App/Providers/AppServiceProvider))
#28 [internal function]: Illuminate/Foundation/Application->{closure:Illuminate/Foundation/Application::boot():1131}(Object(App/Providers/AppServiceProvider), 'App//Providers//A...')
#29 C:/wamp64/www/pharmacy-desktop/pharmacy-desktop/backend/vendor/laravel/framework/src/Illuminate/Foundation/Application.php(1131): array_walk(Array, Object(Closure))
#30 C:/wamp64/www/pharmacy-desktop/pharmacy-desktop/backend/vendor/laravel/framework/src/Illuminate/Foundation/Bootstrap/BootProviders.php(17): Illuminate/Foundation/Application->boot()
#31 C:/wamp64/www/pharmacy-desktop/pharmacy-desktop/backend/vendor/laravel/framework/src/Illuminate/Foundation/Application.php(342): Illuminate/Foundation/Bootstrap/BootProviders->bootstrap(Object(Illuminate/Foundation/Application))
#32 C:/wamp64/www/pharmacy-desktop/pharmacy-desktop/backend/vendor/laravel/framework/src/Illuminate/Foundation/Console/Kernel.php(474): Illuminate/Foundation/Application->bootstrapWith(Array)
#33 C:/wamp64/www/pharmacy-desktop/pharmacy-desktop/backend/vendor/laravel/framework/src/Illuminate/Foundation/Console/Kernel.php(196): Illuminate/Foundation/Console/Kernel->bootstrap()
#34 C:/wamp64/www/pharmacy-desktop/pharmacy-desktop/backend/vendor/laravel/framework/src/Illuminate/Foundation/Application.php(1235): Illuminate/Foundation/Console/Kernel->handle(Object(Symfony/Component/Console/Input/ArgvInput), Object(Symfony/Component/Console/Output/ConsoleOutput))
#35 C:/wamp64/www/pharmacy-desktop/pharmacy-desktop/backend/artisan(13): Illuminate/Foundation/Application->handleCommand(Object(Symfony/Component/Console/Input/ArgvInput))
#36 {main}

[previous exception] [object] (PDOException(code: 0): could not find driver at C:/wamp64/www/pharmacy-desktop/pharmacy-desktop/backend/vendor/laravel/framework/src/Illuminate/Database/Connectors/Connector.php:67)
[stacktrace]
#0 C:/wamp64/www/pharmacy-desktop/pharmacy-desktop/backend/vendor/laravel/framework/src/Illuminate/Database/Connectors/Connector.php(67): PDO::connect('sqlite:C://wamp6...', NULL, Object(SensitiveParameterValue), Array)
#1 C:/wamp64/www/pharmacy-desktop/pharmacy-desktop/backend/vendor/laravel/framework/src/Illuminate/Database/Connectors/Connector.php(44): Illuminate/Database/Connectors/Connector->createPdoConnection('sqlite:C://wamp6...', NULL, Object(SensitiveParameterValue), Array)
#2 C:/wamp64/www/pharmacy-desktop/pharmacy-desktop/backend/vendor/laravel/framework/src/Illuminate/Database/Connectors/SQLiteConnector.php(40): Illuminate/Database/Connectors/Connector->createConnection('sqlite:C://wamp6...', Array, Array)
#3 C:/wamp64/www/pharmacy-desktop/pharmacy-desktop/backend/vendor/laravel/framework/src/Illuminate/Database/Connectors/ConnectionFactory.php(224): Illuminate/Database/Connectors/SQLiteConnector->connect(Array)
#4 [internal function]: Illuminate/Database/Connectors/ConnectionFactory->{closure:Illuminate/Database/Connectors/ConnectionFactory::createPdoResolverWithoutHosts():224}()
#5 C:/wamp64/www/pharmacy-desktop/pharmacy-desktop/backend/vendor/laravel/framework/src/Illuminate/Database/Connection.php(1231): call_user_func(Object(Closure))
#6 C:/wamp64/www/pharmacy-desktop/pharmacy-desktop/backend/vendor/laravel/framework/src/Illuminate/Database/Connection.php(565): Illuminate/Database/Connection->getPdo()
#7 C:/wamp64/www/pharmacy-desktop/pharmacy-desktop/backend/vendor/laravel/framework/src/Illuminate/Database/Connection.php(812): Illuminate/Database/Connection->{closure:Illuminate/Database/Connection::statement():560}('PRAGMA foreign_...', Array)
#8 C:/wamp64/www/pharmacy-desktop/pharmacy-desktop/backend/vendor/laravel/framework/src/Illuminate/Database/Connection.php(779): Illuminate/Database/Connection->runQueryCallback('PRAGMA foreign_...', Array, Object(Closure))
#9 C:/wamp64/www/pharmacy-desktop/pharmacy-desktop/backend/vendor/laravel/framework/src/Illuminate/Database/Connection.php(560): Illuminate/Database/Connection->run('PRAGMA foreign_...', Array, Object(Closure))
#10 C:/wamp64/www/pharmacy-desktop/pharmacy-desktop/backend/vendor/laravel/framework/src/Illuminate/Database/Schema/Builder.php(522): Illuminate/Database/Connection->statement('PRAGMA foreign_...')
#11 C:/wamp64/www/pharmacy-desktop/pharmacy-desktop/backend/vendor/laravel/framework/src/Illuminate/Database/SQLiteConnection.php(59): Illuminate/Database/Schema/Builder->enableForeignKeyConstraints()
#12 C:/wamp64/www/pharmacy-desktop/pharmacy-desktop/backend/vendor/laravel/framework/src/Illuminate/Database/SQLiteConnection.php(28): Illuminate/Database/SQLiteConnection->configureForeignKeyConstraints()
#13 C:/wamp64/www/pharmacy-desktop/pharmacy-desktop/backend/vendor/laravel/framework/src/Illuminate/Database/Connectors/ConnectionFactory.php(277): Illuminate/Database/SQLiteConnection->__construct(Object(Closure), '../data/databas...', '', Array)
#14 C:/wamp64/www/pharmacy-desktop/pharmacy-desktop/backend/vendor/laravel/framework/src/Illuminate/Database/Connectors/ConnectionFactory.php(76): Illuminate/Database/Connectors/ConnectionFactory->createConnection('sqlite', Object(Closure), '../data/databas...', '', Array)
#15 C:/wamp64/www/pharmacy-desktop/pharmacy-desktop/backend/vendor/laravel/framework/src/Illuminate/Database/Connectors/ConnectionFactory.php(51): Illuminate/Database/Connectors/ConnectionFactory->createSingleConnection(Array)
#16 C:/wamp64/www/pharmacy-desktop/pharmacy-desktop/backend/vendor/laravel/framework/src/Illuminate/Database/DatabaseManager.php(207): Illuminate/Database/Connectors/ConnectionFactory->make(Array, 'sqlite')
#17 C:/wamp64/www/pharmacy-desktop/pharmacy-desktop/backend/vendor/laravel/framework/src/Illuminate/Database/DatabaseManager.php(103): Illuminate/Database/DatabaseManager->makeConnection('sqlite')
#18 C:/wamp64/www/pharmacy-desktop/pharmacy-desktop/backend/vendor/laravel/framework/src/Illuminate/Database/DatabaseServiceProvider.php(74): Illuminate/Database/DatabaseManager->connection()
#19 C:/wamp64/www/pharmacy-desktop/pharmacy-desktop/backend/vendor/laravel/framework/src/Illuminate/Container/Container.php(952): Illuminate/Database/DatabaseServiceProvider->{closure:Illuminate/Database/DatabaseServiceProvider::registerConnectionServices():73}(Object(Illuminate/Foundation/Application), Array)
#20 C:/wamp64/www/pharmacy-desktop/pharmacy-desktop/backend/vendor/laravel/framework/src/Illuminate/Container/Container.php(832): Illuminate/Container/Container->build(Object(Closure))
#21 C:/wamp64/www/pharmacy-desktop/pharmacy-desktop/backend/vendor/laravel/framework/src/Illuminate/Foundation/Application.php(1078): Illuminate/Container/Container->resolve('db.schema', Array, true)
#22 C:/wamp64/www/pharmacy-desktop/pharmacy-desktop/backend/vendor/laravel/framework/src/Illuminate/Container/Container.php(763): Illuminate/Foundation/Application->resolve('db.schema', Array)
#23 C:/wamp64/www/pharmacy-desktop/pharmacy-desktop/backend/vendor/laravel/framework/src/Illuminate/Foundation/Application.php(1058): Illuminate/Container/Container->make('db.schema', Array)
#24 C:/wamp64/www/pharmacy-desktop/pharmacy-desktop/backend/vendor/laravel/framework/src/Illuminate/Container/Container.php(1580): Illuminate/Foundation/Application->make('db.schema')
#25 C:/wamp64/www/pharmacy-desktop/pharmacy-desktop/backend/vendor/laravel/framework/src/Illuminate/Support/Facades/Facade.php(242): Illuminate/Container/Container->offsetGet('db.schema')
#26 C:/wamp64/www/pharmacy-desktop/pharmacy-desktop/backend/vendor/laravel/framework/src/Illuminate/Support/Facades/Facade.php(210): Illuminate/Support/Facades/Facade::resolveFacadeInstance('db.schema')
#27 C:/wamp64/www/pharmacy-desktop/pharmacy-desktop/backend/vendor/laravel/framework/src/Illuminate/Support/Facades/Facade.php(355): Illuminate/Support/Facades/Facade::getFacadeRoot()
#28 C:/wamp64/www/pharmacy-desktop/pharmacy-desktop/backend/app/Providers/AppServiceProvider.php(25): Illuminate/Support/Facades/Facade::__callStatic('defaultStringLe...', Array)
#29 C:/wamp64/www/pharmacy-desktop/pharmacy-desktop/backend/vendor/laravel/framework/src/Illuminate/Container/BoundMethod.php(36): App/Providers/AppServiceProvider->boot()
#30 C:/wamp64/www/pharmacy-desktop/pharmacy-desktop/backend/vendor/laravel/framework/src/Illuminate/Container/Util.php(43): Illuminate/Container/BoundMethod::{closure:Illuminate/Container/BoundMethod::call():35}()
#31 C:/wamp64/www/pharmacy-desktop/pharmacy-desktop/backend/vendor/laravel/framework/src/Illuminate/Container/BoundMethod.php(95): Illuminate/Container/Util::unwrapIfClosure(Object(Closure))
#32 C:/wamp64/www/pharmacy-desktop/pharmacy-desktop/backend/vendor/laravel/framework/src/Illuminate/Container/BoundMethod.php(35): Illuminate/Container/BoundMethod::callBoundMethod(Object(Illuminate/Foundation/Application), Array, Object(Closure))
#33 C:/wamp64/www/pharmacy-desktop/pharmacy-desktop/backend/vendor/laravel/framework/src/Illuminate/Container/Container.php(696): Illuminate/Container/BoundMethod::call(Object(Illuminate/Foundation/Application), Array, Array, NULL)
#34 C:/wamp64/www/pharmacy-desktop/pharmacy-desktop/backend/vendor/laravel/framework/src/Illuminate/Foundation/Application.php(1151): Illuminate/Container/Container->call(Array)
#35 C:/wamp64/www/pharmacy-desktop/pharmacy-desktop/backend/vendor/laravel/framework/src/Illuminate/Foundation/Application.php(1132): Illuminate/Foundation/Application->bootProvider(Object(App/Providers/AppServiceProvider))
#36 [internal function]: Illuminate/Foundation/Application->{closure:Illuminate/Foundation/Application::boot():1131}(Object(App/Providers/AppServiceProvider), 'App//Providers//A...')
#37 C:/wamp64/www/pharmacy-desktop/pharmacy-desktop/backend/vendor/laravel/framework/src/Illuminate/Foundation/Application.php(1131): array_walk(Array, Object(Closure))
#38 C:/wamp64/www/pharmacy-desktop/pharmacy-desktop/backend/vendor/laravel/framework/src/Illuminate/Foundation/Bootstrap/BootProviders.php(17): Illuminate/Foundation/Application->boot()
#39 C:/wamp64/www/pharmacy-desktop/pharmacy-desktop/backend/vendor/laravel/framework/src/Illuminate/Foundation/Application.php(342): Illuminate/Foundation/Bootstrap/BootProviders->bootstrap(Object(Illuminate/Foundation/Application))
#40 C:/wamp64/www/pharmacy-desktop/pharmacy-desktop/backend/vendor/laravel/framework/src/Illuminate/Foundation/Console/Kernel.php(474): Illuminate/Foundation/Application->bootstrapWith(Array)
#41 C:/wamp64/www/pharmacy-desktop/pharmacy-desktop/backend/vendor/laravel/framework/src/Illuminate/Foundation/Console/Kernel.php(196): Illuminate/Foundation/Console/Kernel->bootstrap()
#42 C:/wamp64/www/pharmacy-desktop/pharmacy-desktop/backend/vendor/laravel/framework/src/Illuminate/Foundation/Application.php(1235): Illuminate/Foundation/Console/Kernel->handle(Object(Symfony/Component/Console/Input/ArgvInput), Object(Symfony/Component/Console/Output/ConsoleOutput))
#43 C:/wamp64/www/pharmacy-desktop/pharmacy-desktop/backend/artisan(13): Illuminate/Foundation/Application->handleCommand(Object(Symfony/Component/Console/Input/ArgvInput))
#44 {main}
"} 
[2026-05-06 05:00:12] production.ERROR: could not find driver (Connection: sqlite, SQL: PRAGMA foreign_keys = ON;) {"exception":"[object] (Illuminate\\Database\\QueryException(code: 0): could not find driver (Connection: sqlite, SQL: PRAGMA foreign_keys = ON;) at C:/wamp64/www/pharmacy-desktop/pharmacy-desktop/backend/vendor/laravel/framework/src/Illuminate/Database/Connection.php:825)
[stacktrace]
#0 C:/wamp64/www/pharmacy-desktop/pharmacy-desktop/backend/vendor/laravel/framework/src/Illuminate/Database/Connection.php(779): Illuminate/Database/Connection->runQueryCallback('PRAGMA foreign_...', Array, Object(Closure))
#1 C:/wamp64/www/pharmacy-desktop/pharmacy-desktop/backend/vendor/laravel/framework/src/Illuminate/Database/Connection.php(560): Illuminate/Database/Connection->run('PRAGMA foreign_...', Array, Object(Closure))
#2 C:/wamp64/www/pharmacy-desktop/pharmacy-desktop/backend/vendor/laravel/framework/src/Illuminate/Database/Schema/Builder.php(522): Illuminate/Database/Connection->statement('PRAGMA foreign_...')
#3 C:/wamp64/www/pharmacy-desktop/pharmacy-desktop/backend/vendor/laravel/framework/src/Illuminate/Database/SQLiteConnection.php(59): Illuminate/Database/Schema/Builder->enableForeignKeyConstraints()
#4 C:/wamp64/www/pharmacy-desktop/pharmacy-desktop/backend/vendor/laravel/framework/src/Illuminate/Database/SQLiteConnection.php(28): Illuminate/Database/SQLiteConnection->configureForeignKeyConstraints()
#5 C:/wamp64/www/pharmacy-desktop/pharmacy-desktop/backend/vendor/laravel/framework/src/Illuminate/Database/Connectors/ConnectionFactory.php(277): Illuminate/Database/SQLiteConnection->__construct(Object(Closure), '../data/databas...', '', Array)
#6 C:/wamp64/www/pharmacy-desktop/pharmacy-desktop/backend/vendor/laravel/framework/src/Illuminate/Database/Connectors/ConnectionFactory.php(76): Illuminate/Database/Connectors/ConnectionFactory->createConnection('sqlite', Object(Closure), '../data/databas...', '', Array)
#7 C:/wamp64/www/pharmacy-desktop/pharmacy-desktop/backend/vendor/laravel/framework/src/Illuminate/Database/Connectors/ConnectionFactory.php(51): Illuminate/Database/Connectors/ConnectionFactory->createSingleConnection(Array)
#8 C:/wamp64/www/pharmacy-desktop/pharmacy-desktop/backend/vendor/laravel/framework/src/Illuminate/Database/DatabaseManager.php(207): Illuminate/Database/Connectors/ConnectionFactory->make(Array, 'sqlite')
#9 C:/wamp64/www/pharmacy-desktop/pharmacy-desktop/backend/vendor/laravel/framework/src/Illuminate/Database/DatabaseManager.php(103): Illuminate/Database/DatabaseManager->makeConnection('sqlite')
#10 C:/wamp64/www/pharmacy-desktop/pharmacy-desktop/backend/vendor/laravel/framework/src/Illuminate/Database/DatabaseServiceProvider.php(74): Illuminate/Database/DatabaseManager->connection()
#11 C:/wamp64/www/pharmacy-desktop/pharmacy-desktop/backend/vendor/laravel/framework/src/Illuminate/Container/Container.php(952): Illuminate/Database/DatabaseServiceProvider->{closure:Illuminate/Database/DatabaseServiceProvider::registerConnectionServices():73}(Object(Illuminate/Foundation/Application), Array)
#12 C:/wamp64/www/pharmacy-desktop/pharmacy-desktop/backend/vendor/laravel/framework/src/Illuminate/Container/Container.php(832): Illuminate/Container/Container->build(Object(Closure))
#13 C:/wamp64/www/pharmacy-desktop/pharmacy-desktop/backend/vendor/laravel/framework/src/Illuminate/Foundation/Application.php(1078): Illuminate/Container/Container->resolve('db.schema', Array, true)
#14 C:/wamp64/www/pharmacy-desktop/pharmacy-desktop/backend/vendor/laravel/framework/src/Illuminate/Container/Container.php(763): Illuminate/Foundation/Application->resolve('db.schema', Array)
#15 C:/wamp64/www/pharmacy-desktop/pharmacy-desktop/backend/vendor/laravel/framework/src/Illuminate/Foundation/Application.php(1058): Illuminate/Container/Container->make('db.schema', Array)
#16 C:/wamp64/www/pharmacy-desktop/pharmacy-desktop/backend/vendor/laravel/framework/src/Illuminate/Container/Container.php(1580): Illuminate/Foundation/Application->make('db.schema')
#17 C:/wamp64/www/pharmacy-desktop/pharmacy-desktop/backend/vendor/laravel/framework/src/Illuminate/Support/Facades/Facade.php(242): Illuminate/Container/Container->offsetGet('db.schema')
#18 C:/wamp64/www/pharmacy-desktop/pharmacy-desktop/backend/vendor/laravel/framework/src/Illuminate/Support/Facades/Facade.php(210): Illuminate/Support/Facades/Facade::resolveFacadeInstance('db.schema')
#19 C:/wamp64/www/pharmacy-desktop/pharmacy-desktop/backend/vendor/laravel/framework/src/Illuminate/Support/Facades/Facade.php(355): Illuminate/Support/Facades/Facade::getFacadeRoot()
#20 C:/wamp64/www/pharmacy-desktop/pharmacy-desktop/backend/app/Providers/AppServiceProvider.php(25): Illuminate/Support/Facades/Facade::__callStatic('defaultStringLe...', Array)
#21 C:/wamp64/www/pharmacy-desktop/pharmacy-desktop/backend/vendor/laravel/framework/src/Illuminate/Container/BoundMethod.php(36): App/Providers/AppServiceProvider->boot()
#22 C:/wamp64/www/pharmacy-desktop/pharmacy-desktop/backend/vendor/laravel/framework/src/Illuminate/Container/Util.php(43): Illuminate/Container/BoundMethod::{closure:Illuminate/Container/BoundMethod::call():35}()
#23 C:/wamp64/www/pharmacy-desktop/pharmacy-desktop/backend/vendor/laravel/framework/src/Illuminate/Container/BoundMethod.php(95): Illuminate/Container/Util::unwrapIfClosure(Object(Closure))
#24 C:/wamp64/www/pharmacy-desktop/pharmacy-desktop/backend/vendor/laravel/framework/src/Illuminate/Container/BoundMethod.php(35): Illuminate/Container/BoundMethod::callBoundMethod(Object(Illuminate/Foundation/Application), Array, Object(Closure))
#25 C:/wamp64/www/pharmacy-desktop/pharmacy-desktop/backend/vendor/laravel/framework/src/Illuminate/Container/Container.php(696): Illuminate/Container/BoundMethod::call(Object(Illuminate/Foundation/Application), Array, Array, NULL)
#26 C:/wamp64/www/pharmacy-desktop/pharmacy-desktop/backend/vendor/laravel/framework/src/Illuminate/Foundation/Application.php(1151): Illuminate/Container/Container->call(Array)
#27 C:/wamp64/www/pharmacy-desktop/pharmacy-desktop/backend/vendor/laravel/framework/src/Illuminate/Foundation/Application.php(1132): Illuminate/Foundation/Application->bootProvider(Object(App/Providers/AppServiceProvider))
#28 [internal function]: Illuminate/Foundation/Application->{closure:Illuminate/Foundation/Application::boot():1131}(Object(App/Providers/AppServiceProvider), 'App//Providers//A...')
#29 C:/wamp64/www/pharmacy-desktop/pharmacy-desktop/backend/vendor/laravel/framework/src/Illuminate/Foundation/Application.php(1131): array_walk(Array, Object(Closure))
#30 C:/wamp64/www/pharmacy-desktop/pharmacy-desktop/backend/vendor/laravel/framework/src/Illuminate/Foundation/Bootstrap/BootProviders.php(17): Illuminate/Foundation/Application->boot()
#31 C:/wamp64/www/pharmacy-desktop/pharmacy-desktop/backend/vendor/laravel/framework/src/Illuminate/Foundation/Application.php(342): Illuminate/Foundation/Bootstrap/BootProviders->bootstrap(Object(Illuminate/Foundation/Application))
#32 C:/wamp64/www/pharmacy-desktop/pharmacy-desktop/backend/vendor/laravel/framework/src/Illuminate/Foundation/Console/Kernel.php(474): Illuminate/Foundation/Application->bootstrapWith(Array)
#33 C:/wamp64/www/pharmacy-desktop/pharmacy-desktop/backend/vendor/laravel/framework/src/Illuminate/Foundation/Console/Kernel.php(196): Illuminate/Foundation/Console/Kernel->bootstrap()
#34 C:/wamp64/www/pharmacy-desktop/pharmacy-desktop/backend/vendor/laravel/framework/src/Illuminate/Foundation/Application.php(1235): Illuminate/Foundation/Console/Kernel->handle(Object(Symfony/Component/Console/Input/ArgvInput), Object(Symfony/Component/Console/Output/ConsoleOutput))
#35 C:/wamp64/www/pharmacy-desktop/pharmacy-desktop/backend/artisan(13): Illuminate/Foundation/Application->handleCommand(Object(Symfony/Component/Console/Input/ArgvInput))
#36 {main}

[previous exception] [object] (PDOException(code: 0): could not find driver at C:/wamp64/www/pharmacy-desktop/pharmacy-desktop/backend/vendor/laravel/framework/src/Illuminate/Database/Connectors/Connector.php:67)
[stacktrace]
#0 C:/wamp64/www/pharmacy-desktop/pharmacy-desktop/backend/vendor/laravel/framework/src/Illuminate/Database/Connectors/Connector.php(67): PDO::connect('sqlite:C://wamp6...', NULL, Object(SensitiveParameterValue), Array)
#1 C:/wamp64/www/pharmacy-desktop/pharmacy-desktop/backend/vendor/laravel/framework/src/Illuminate/Database/Connectors/Connector.php(44): Illuminate/Database/Connectors/Connector->createPdoConnection('sqlite:C://wamp6...', NULL, Object(SensitiveParameterValue), Array)
#2 C:/wamp64/www/pharmacy-desktop/pharmacy-desktop/backend/vendor/laravel/framework/src/Illuminate/Database/Connectors/SQLiteConnector.php(40): Illuminate/Database/Connectors/Connector->createConnection('sqlite:C://wamp6...', Array, Array)
#3 C:/wamp64/www/pharmacy-desktop/pharmacy-desktop/backend/vendor/laravel/framework/src/Illuminate/Database/Connectors/ConnectionFactory.php(224): Illuminate/Database/Connectors/SQLiteConnector->connect(Array)
#4 [internal function]: Illuminate/Database/Connectors/ConnectionFactory->{closure:Illuminate/Database/Connectors/ConnectionFactory::createPdoResolverWithoutHosts():224}()
#5 C:/wamp64/www/pharmacy-desktop/pharmacy-desktop/backend/vendor/laravel/framework/src/Illuminate/Database/Connection.php(1231): call_user_func(Object(Closure))
#6 C:/wamp64/www/pharmacy-desktop/pharmacy-desktop/backend/vendor/laravel/framework/src/Illuminate/Database/Connection.php(565): Illuminate/Database/Connection->getPdo()
#7 C:/wamp64/www/pharmacy-desktop/pharmacy-desktop/backend/vendor/laravel/framework/src/Illuminate/Database/Connection.php(812): Illuminate/Database/Connection->{closure:Illuminate/Database/Connection::statement():560}('PRAGMA foreign_...', Array)
#8 C:/wamp64/www/pharmacy-desktop/pharmacy-desktop/backend/vendor/laravel/framework/src/Illuminate/Database/Connection.php(779): Illuminate/Database/Connection->runQueryCallback('PRAGMA foreign_...', Array, Object(Closure))
#9 C:/wamp64/www/pharmacy-desktop/pharmacy-desktop/backend/vendor/laravel/framework/src/Illuminate/Database/Connection.php(560): Illuminate/Database/Connection->run('PRAGMA foreign_...', Array, Object(Closure))
#10 C:/wamp64/www/pharmacy-desktop/pharmacy-desktop/backend/vendor/laravel/framework/src/Illuminate/Database/Schema/Builder.php(522): Illuminate/Database/Connection->statement('PRAGMA foreign_...')
#11 C:/wamp64/www/pharmacy-desktop/pharmacy-desktop/backend/vendor/laravel/framework/src/Illuminate/Database/SQLiteConnection.php(59): Illuminate/Database/Schema/Builder->enableForeignKeyConstraints()
#12 C:/wamp64/www/pharmacy-desktop/pharmacy-desktop/backend/vendor/laravel/framework/src/Illuminate/Database/SQLiteConnection.php(28): Illuminate/Database/SQLiteConnection->configureForeignKeyConstraints()
#13 C:/wamp64/www/pharmacy-desktop/pharmacy-desktop/backend/vendor/laravel/framework/src/Illuminate/Database/Connectors/ConnectionFactory.php(277): Illuminate/Database/SQLiteConnection->__construct(Object(Closure), '../data/databas...', '', Array)
#14 C:/wamp64/www/pharmacy-desktop/pharmacy-desktop/backend/vendor/laravel/framework/src/Illuminate/Database/Connectors/ConnectionFactory.php(76): Illuminate/Database/Connectors/ConnectionFactory->createConnection('sqlite', Object(Closure), '../data/databas...', '', Array)
#15 C:/wamp64/www/pharmacy-desktop/pharmacy-desktop/backend/vendor/laravel/framework/src/Illuminate/Database/Connectors/ConnectionFactory.php(51): Illuminate/Database/Connectors/ConnectionFactory->createSingleConnection(Array)
#16 C:/wamp64/www/pharmacy-desktop/pharmacy-desktop/backend/vendor/laravel/framework/src/Illuminate/Database/DatabaseManager.php(207): Illuminate/Database/Connectors/ConnectionFactory->make(Array, 'sqlite')
#17 C:/wamp64/www/pharmacy-desktop/pharmacy-desktop/backend/vendor/laravel/framework/src/Illuminate/Database/DatabaseManager.php(103): Illuminate/Database/DatabaseManager->makeConnection('sqlite')
#18 C:/wamp64/www/pharmacy-desktop/pharmacy-desktop/backend/vendor/laravel/framework/src/Illuminate/Database/DatabaseServiceProvider.php(74): Illuminate/Database/DatabaseManager->connection()
#19 C:/wamp64/www/pharmacy-desktop/pharmacy-desktop/backend/vendor/laravel/framework/src/Illuminate/Container/Container.php(952): Illuminate/Database/DatabaseServiceProvider->{closure:Illuminate/Database/DatabaseServiceProvider::registerConnectionServices():73}(Object(Illuminate/Foundation/Application), Array)
#20 C:/wamp64/www/pharmacy-desktop/pharmacy-desktop/backend/vendor/laravel/framework/src/Illuminate/Container/Container.php(832): Illuminate/Container/Container->build(Object(Closure))
#21 C:/wamp64/www/pharmacy-desktop/pharmacy-desktop/backend/vendor/laravel/framework/src/Illuminate/Foundation/Application.php(1078): Illuminate/Container/Container->resolve('db.schema', Array, true)
#22 C:/wamp64/www/pharmacy-desktop/pharmacy-desktop/backend/vendor/laravel/framework/src/Illuminate/Container/Container.php(763): Illuminate/Foundation/Application->resolve('db.schema', Array)
#23 C:/wamp64/www/pharmacy-desktop/pharmacy-desktop/backend/vendor/laravel/framework/src/Illuminate/Foundation/Application.php(1058): Illuminate/Container/Container->make('db.schema', Array)
#24 C:/wamp64/www/pharmacy-desktop/pharmacy-desktop/backend/vendor/laravel/framework/src/Illuminate/Container/Container.php(1580): Illuminate/Foundation/Application->make('db.schema')
#25 C:/wamp64/www/pharmacy-desktop/pharmacy-desktop/backend/vendor/laravel/framework/src/Illuminate/Support/Facades/Facade.php(242): Illuminate/Container/Container->offsetGet('db.schema')
#26 C:/wamp64/www/pharmacy-desktop/pharmacy-desktop/backend/vendor/laravel/framework/src/Illuminate/Support/Facades/Facade.php(210): Illuminate/Support/Facades/Facade::resolveFacadeInstance('db.schema')
#27 C:/wamp64/www/pharmacy-desktop/pharmacy-desktop/backend/vendor/laravel/framework/src/Illuminate/Support/Facades/Facade.php(355): Illuminate/Support/Facades/Facade::getFacadeRoot()
#28 C:/wamp64/www/pharmacy-desktop/pharmacy-desktop/backend/app/Providers/AppServiceProvider.php(25): Illuminate/Support/Facades/Facade::__callStatic('defaultStringLe...', Array)
#29 C:/wamp64/www/pharmacy-desktop/pharmacy-desktop/backend/vendor/laravel/framework/src/Illuminate/Container/BoundMethod.php(36): App/Providers/AppServiceProvider->boot()
#30 C:/wamp64/www/pharmacy-desktop/pharmacy-desktop/backend/vendor/laravel/framework/src/Illuminate/Container/Util.php(43): Illuminate/Container/BoundMethod::{closure:Illuminate/Container/BoundMethod::call():35}()
#31 C:/wamp64/www/pharmacy-desktop/pharmacy-desktop/backend/vendor/laravel/framework/src/Illuminate/Container/BoundMethod.php(95): Illuminate/Container/Util::unwrapIfClosure(Object(Closure))
#32 C:/wamp64/www/pharmacy-desktop/pharmacy-desktop/backend/vendor/laravel/framework/src/Illuminate/Container/BoundMethod.php(35): Illuminate/Container/BoundMethod::callBoundMethod(Object(Illuminate/Foundation/Application), Array, Object(Closure))
#33 C:/wamp64/www/pharmacy-desktop/pharmacy-desktop/backend/vendor/laravel/framework/src/Illuminate/Container/Container.php(696): Illuminate/Container/BoundMethod::call(Object(Illuminate/Foundation/Application), Array, Array, NULL)
#34 C:/wamp64/www/pharmacy-desktop/pharmacy-desktop/backend/vendor/laravel/framework/src/Illuminate/Foundation/Application.php(1151): Illuminate/Container/Container->call(Array)
#35 C:/wamp64/www/pharmacy-desktop/pharmacy-desktop/backend/vendor/laravel/framework/src/Illuminate/Foundation/Application.php(1132): Illuminate/Foundation/Application->bootProvider(Object(App/Providers/AppServiceProvider))
#36 [internal function]: Illuminate/Foundation/Application->{closure:Illuminate/Foundation/Application::boot():1131}(Object(App/Providers/AppServiceProvider), 'App//Providers//A...')
#37 C:/wamp64/www/pharmacy-desktop/pharmacy-desktop/backend/vendor/laravel/framework/src/Illuminate/Foundation/Application.php(1131): array_walk(Array, Object(Closure))
#38 C:/wamp64/www/pharmacy-desktop/pharmacy-desktop/backend/vendor/laravel/framework/src/Illuminate/Foundation/Bootstrap/BootProviders.php(17): Illuminate/Foundation/Application->boot()
#39 C:/wamp64/www/pharmacy-desktop/pharmacy-desktop/backend/vendor/laravel/framework/src/Illuminate/Foundation/Application.php(342): Illuminate/Foundation/Bootstrap/BootProviders->bootstrap(Object(Illuminate/Foundation/Application))
#40 C:/wamp64/www/pharmacy-desktop/pharmacy-desktop/backend/vendor/laravel/framework/src/Illuminate/Foundation/Console/Kernel.php(474): Illuminate/Foundation/Application->bootstrapWith(Array)
#41 C:/wamp64/www/pharmacy-desktop/pharmacy-desktop/backend/vendor/laravel/framework/src/Illuminate/Foundation/Console/Kernel.php(196): Illuminate/Foundation/Console/Kernel->bootstrap()
#42 C:/wamp64/www/pharmacy-desktop/pharmacy-desktop/backend/vendor/laravel/framework/src/Illuminate/Foundation/Application.php(1235): Illuminate/Foundation/Console/Kernel->handle(Object(Symfony/Component/Console/Input/ArgvInput), Object(Symfony/Component/Console/Output/ConsoleOutput))
#43 C:/wamp64/www/pharmacy-desktop/pharmacy-desktop/backend/artisan(13): Illuminate/Foundation/Application->handleCommand(Object(Symfony/Component/Console/Input/ArgvInput))
#44 {main}
"} 
[2026-05-06 05:03:08] production.ERROR: could not find driver (Connection: sqlite, SQL: PRAGMA foreign_keys = ON;) {"exception":"[object] (Illuminate\\Database\\QueryException(code: 0): could not find driver (Connection: sqlite, SQL: PRAGMA foreign_keys = ON;) at C:/wamp64/www/pharmacy-desktop/pharmacy-desktop/backend/vendor/laravel/framework/src/Illuminate/Database/Connection.php:825)
[stacktrace]
#0 C:/wamp64/www/pharmacy-desktop/pharmacy-desktop/backend/vendor/laravel/framework/src/Illuminate/Database/Connection.php(779): Illuminate/Database/Connection->runQueryCallback('PRAGMA foreign_...', Array, Object(Closure))
#1 C:/wamp64/www/pharmacy-desktop/pharmacy-desktop/backend/vendor/laravel/framework/src/Illuminate/Database/Connection.php(560): Illuminate/Database/Connection->run('PRAGMA foreign_...', Array, Object(Closure))
#2 C:/wamp64/www/pharmacy-desktop/pharmacy-desktop/backend/vendor/laravel/framework/src/Illuminate/Database/Schema/Builder.php(522): Illuminate/Database/Connection->statement('PRAGMA foreign_...')
#3 C:/wamp64/www/pharmacy-desktop/pharmacy-desktop/backend/vendor/laravel/framework/src/Illuminate/Database/SQLiteConnection.php(59): Illuminate/Database/Schema/Builder->enableForeignKeyConstraints()
#4 C:/wamp64/www/pharmacy-desktop/pharmacy-desktop/backend/vendor/laravel/framework/src/Illuminate/Database/SQLiteConnection.php(28): Illuminate/Database/SQLiteConnection->configureForeignKeyConstraints()
#5 C:/wamp64/www/pharmacy-desktop/pharmacy-desktop/backend/vendor/laravel/framework/src/Illuminate/Database/Connectors/ConnectionFactory.php(277): Illuminate/Database/SQLiteConnection->__construct(Object(Closure), '../data/databas...', '', Array)
#6 C:/wamp64/www/pharmacy-desktop/pharmacy-desktop/backend/vendor/laravel/framework/src/Illuminate/Database/Connectors/ConnectionFactory.php(76): Illuminate/Database/Connectors/ConnectionFactory->createConnection('sqlite', Object(Closure), '../data/databas...', '', Array)
#7 C:/wamp64/www/pharmacy-desktop/pharmacy-desktop/backend/vendor/laravel/framework/src/Illuminate/Database/Connectors/ConnectionFactory.php(51): Illuminate/Database/Connectors/ConnectionFactory->createSingleConnection(Array)
#8 C:/wamp64/www/pharmacy-desktop/pharmacy-desktop/backend/vendor/laravel/framework/src/Illuminate/Database/DatabaseManager.php(207): Illuminate/Database/Connectors/ConnectionFactory->make(Array, 'sqlite')
#9 C:/wamp64/www/pharmacy-desktop/pharmacy-desktop/backend/vendor/laravel/framework/src/Illuminate/Database/DatabaseManager.php(103): Illuminate/Database/DatabaseManager->makeConnection('sqlite')
#10 C:/wamp64/www/pharmacy-desktop/pharmacy-desktop/backend/vendor/laravel/framework/src/Illuminate/Database/DatabaseServiceProvider.php(74): Illuminate/Database/DatabaseManager->connection()
#11 C:/wamp64/www/pharmacy-desktop/pharmacy-desktop/backend/vendor/laravel/framework/src/Illuminate/Container/Container.php(952): Illuminate/Database/DatabaseServiceProvider->{closure:Illuminate/Database/DatabaseServiceProvider::registerConnectionServices():73}(Object(Illuminate/Foundation/Application), Array)
#12 C:/wamp64/www/pharmacy-desktop/pharmacy-desktop/backend/vendor/laravel/framework/src/Illuminate/Container/Container.php(832): Illuminate/Container/Container->build(Object(Closure))
#13 C:/wamp64/www/pharmacy-desktop/pharmacy-desktop/backend/vendor/laravel/framework/src/Illuminate/Foundation/Application.php(1078): Illuminate/Container/Container->resolve('db.schema', Array, true)
#14 C:/wamp64/www/pharmacy-desktop/pharmacy-desktop/backend/vendor/laravel/framework/src/Illuminate/Container/Container.php(763): Illuminate/Foundation/Application->resolve('db.schema', Array)
#15 C:/wamp64/www/pharmacy-desktop/pharmacy-desktop/backend/vendor/laravel/framework/src/Illuminate/Foundation/Application.php(1058): Illuminate/Container/Container->make('db.schema', Array)
#16 C:/wamp64/www/pharmacy-desktop/pharmacy-desktop/backend/vendor/laravel/framework/src/Illuminate/Container/Container.php(1580): Illuminate/Foundation/Application->make('db.schema')
#17 C:/wamp64/www/pharmacy-desktop/pharmacy-desktop/backend/vendor/laravel/framework/src/Illuminate/Support/Facades/Facade.php(242): Illuminate/Container/Container->offsetGet('db.schema')
#18 C:/wamp64/www/pharmacy-desktop/pharmacy-desktop/backend/vendor/laravel/framework/src/Illuminate/Support/Facades/Facade.php(210): Illuminate/Support/Facades/Facade::resolveFacadeInstance('db.schema')
#19 C:/wamp64/www/pharmacy-desktop/pharmacy-desktop/backend/vendor/laravel/framework/src/Illuminate/Support/Facades/Facade.php(355): Illuminate/Support/Facades/Facade::getFacadeRoot()
#20 C:/wamp64/www/pharmacy-desktop/pharmacy-desktop/backend/app/Providers/AppServiceProvider.php(25): Illuminate/Support/Facades/Facade::__callStatic('defaultStringLe...', Array)
#21 C:/wamp64/www/pharmacy-desktop/pharmacy-desktop/backend/vendor/laravel/framework/src/Illuminate/Container/BoundMethod.php(36): App/Providers/AppServiceProvider->boot()
#22 C:/wamp64/www/pharmacy-desktop/pharmacy-desktop/backend/vendor/laravel/framework/src/Illuminate/Container/Util.php(43): Illuminate/Container/BoundMethod::{closure:Illuminate/Container/BoundMethod::call():35}()
#23 C:/wamp64/www/pharmacy-desktop/pharmacy-desktop/backend/vendor/laravel/framework/src/Illuminate/Container/BoundMethod.php(95): Illuminate/Container/Util::unwrapIfClosure(Object(Closure))
#24 C:/wamp64/www/pharmacy-desktop/pharmacy-desktop/backend/vendor/laravel/framework/src/Illuminate/Container/BoundMethod.php(35): Illuminate/Container/BoundMethod::callBoundMethod(Object(Illuminate/Foundation/Application), Array, Object(Closure))
#25 C:/wamp64/www/pharmacy-desktop/pharmacy-desktop/backend/vendor/laravel/framework/src/Illuminate/Container/Container.php(696): Illuminate/Container/BoundMethod::call(Object(Illuminate/Foundation/Application), Array, Array, NULL)
#26 C:/wamp64/www/pharmacy-desktop/pharmacy-desktop/backend/vendor/laravel/framework/src/Illuminate/Foundation/Application.php(1151): Illuminate/Container/Container->call(Array)
#27 C:/wamp64/www/pharmacy-desktop/pharmacy-desktop/backend/vendor/laravel/framework/src/Illuminate/Foundation/Application.php(1132): Illuminate/Foundation/Application->bootProvider(Object(App/Providers/AppServiceProvider))
#28 [internal function]: Illuminate/Foundation/Application->{closure:Illuminate/Foundation/Application::boot():1131}(Object(App/Providers/AppServiceProvider), 'App//Providers//A...')
#29 C:/wamp64/www/pharmacy-desktop/pharmacy-desktop/backend/vendor/laravel/framework/src/Illuminate/Foundation/Application.php(1131): array_walk(Array, Object(Closure))
#30 C:/wamp64/www/pharmacy-desktop/pharmacy-desktop/backend/vendor/laravel/framework/src/Illuminate/Foundation/Bootstrap/BootProviders.php(17): Illuminate/Foundation/Application->boot()
#31 C:/wamp64/www/pharmacy-desktop/pharmacy-desktop/backend/vendor/laravel/framework/src/Illuminate/Foundation/Application.php(342): Illuminate/Foundation/Bootstrap/BootProviders->bootstrap(Object(Illuminate/Foundation/Application))
#32 C:/wamp64/www/pharmacy-desktop/pharmacy-desktop/backend/vendor/laravel/framework/src/Illuminate/Foundation/Console/Kernel.php(474): Illuminate/Foundation/Application->bootstrapWith(Array)
#33 C:/wamp64/www/pharmacy-desktop/pharmacy-desktop/backend/vendor/laravel/framework/src/Illuminate/Foundation/Console/Kernel.php(196): Illuminate/Foundation/Console/Kernel->bootstrap()
#34 C:/wamp64/www/pharmacy-desktop/pharmacy-desktop/backend/vendor/laravel/framework/src/Illuminate/Foundation/Application.php(1235): Illuminate/Foundation/Console/Kernel->handle(Object(Symfony/Component/Console/Input/ArgvInput), Object(Symfony/Component/Console/Output/ConsoleOutput))
#35 C:/wamp64/www/pharmacy-desktop/pharmacy-desktop/backend/artisan(13): Illuminate/Foundation/Application->handleCommand(Object(Symfony/Component/Console/Input/ArgvInput))
#36 {main}

[previous exception] [object] (PDOException(code: 0): could not find driver at C:/wamp64/www/pharmacy-desktop/pharmacy-desktop/backend/vendor/laravel/framework/src/Illuminate/Database/Connectors/Connector.php:67)
[stacktrace]
#0 C:/wamp64/www/pharmacy-desktop/pharmacy-desktop/backend/vendor/laravel/framework/src/Illuminate/Database/Connectors/Connector.php(67): PDO::connect('sqlite:C://wamp6...', NULL, Object(SensitiveParameterValue), Array)
#1 C:/wamp64/www/pharmacy-desktop/pharmacy-desktop/backend/vendor/laravel/framework/src/Illuminate/Database/Connectors/Connector.php(44): Illuminate/Database/Connectors/Connector->createPdoConnection('sqlite:C://wamp6...', NULL, Object(SensitiveParameterValue), Array)
#2 C:/wamp64/www/pharmacy-desktop/pharmacy-desktop/backend/vendor/laravel/framework/src/Illuminate/Database/Connectors/SQLiteConnector.php(40): Illuminate/Database/Connectors/Connector->createConnection('sqlite:C://wamp6...', Array, Array)
#3 C:/wamp64/www/pharmacy-desktop/pharmacy-desktop/backend/vendor/laravel/framework/src/Illuminate/Database/Connectors/ConnectionFactory.php(224): Illuminate/Database/Connectors/SQLiteConnector->connect(Array)
#4 [internal function]: Illuminate/Database/Connectors/ConnectionFactory->{closure:Illuminate/Database/Connectors/ConnectionFactory::createPdoResolverWithoutHosts():224}()
#5 C:/wamp64/www/pharmacy-desktop/pharmacy-desktop/backend/vendor/laravel/framework/src/Illuminate/Database/Connection.php(1231): call_user_func(Object(Closure))
#6 C:/wamp64/www/pharmacy-desktop/pharmacy-desktop/backend/vendor/laravel/framework/src/Illuminate/Database/Connection.php(565): Illuminate/Database/Connection->getPdo()
#7 C:/wamp64/www/pharmacy-desktop/pharmacy-desktop/backend/vendor/laravel/framework/src/Illuminate/Database/Connection.php(812): Illuminate/Database/Connection->{closure:Illuminate/Database/Connection::statement():560}('PRAGMA foreign_...', Array)
#8 C:/wamp64/www/pharmacy-desktop/pharmacy-desktop/backend/vendor/laravel/framework/src/Illuminate/Database/Connection.php(779): Illuminate/Database/Connection->runQueryCallback('PRAGMA foreign_...', Array, Object(Closure))
#9 C:/wamp64/www/pharmacy-desktop/pharmacy-desktop/backend/vendor/laravel/framework/src/Illuminate/Database/Connection.php(560): Illuminate/Database/Connection->run('PRAGMA foreign_...', Array, Object(Closure))
#10 C:/wamp64/www/pharmacy-desktop/pharmacy-desktop/backend/vendor/laravel/framework/src/Illuminate/Database/Schema/Builder.php(522): Illuminate/Database/Connection->statement('PRAGMA foreign_...')
#11 C:/wamp64/www/pharmacy-desktop/pharmacy-desktop/backend/vendor/laravel/framework/src/Illuminate/Database/SQLiteConnection.php(59): Illuminate/Database/Schema/Builder->enableForeignKeyConstraints()
#12 C:/wamp64/www/pharmacy-desktop/pharmacy-desktop/backend/vendor/laravel/framework/src/Illuminate/Database/SQLiteConnection.php(28): Illuminate/Database/SQLiteConnection->configureForeignKeyConstraints()
#13 C:/wamp64/www/pharmacy-desktop/pharmacy-desktop/backend/vendor/laravel/framework/src/Illuminate/Database/Connectors/ConnectionFactory.php(277): Illuminate/Database/SQLiteConnection->__construct(Object(Closure), '../data/databas...', '', Array)
#14 C:/wamp64/www/pharmacy-desktop/pharmacy-desktop/backend/vendor/laravel/framework/src/Illuminate/Database/Connectors/ConnectionFactory.php(76): Illuminate/Database/Connectors/ConnectionFactory->createConnection('sqlite', Object(Closure), '../data/databas...', '', Array)
#15 C:/wamp64/www/pharmacy-desktop/pharmacy-desktop/backend/vendor/laravel/framework/src/Illuminate/Database/Connectors/ConnectionFactory.php(51): Illuminate/Database/Connectors/ConnectionFactory->createSingleConnection(Array)
#16 C:/wamp64/www/pharmacy-desktop/pharmacy-desktop/backend/vendor/laravel/framework/src/Illuminate/Database/DatabaseManager.php(207): Illuminate/Database/Connectors/ConnectionFactory->make(Array, 'sqlite')
#17 C:/wamp64/www/pharmacy-desktop/pharmacy-desktop/backend/vendor/laravel/framework/src/Illuminate/Database/DatabaseManager.php(103): Illuminate/Database/DatabaseManager->makeConnection('sqlite')
#18 C:/wamp64/www/pharmacy-desktop/pharmacy-desktop/backend/vendor/laravel/framework/src/Illuminate/Database/DatabaseServiceProvider.php(74): Illuminate/Database/DatabaseManager->connection()
#19 C:/wamp64/www/pharmacy-desktop/pharmacy-desktop/backend/vendor/laravel/framework/src/Illuminate/Container/Container.php(952): Illuminate/Database/DatabaseServiceProvider->{closure:Illuminate/Database/DatabaseServiceProvider::registerConnectionServices():73}(Object(Illuminate/Foundation/Application), Array)
#20 C:/wamp64/www/pharmacy-desktop/pharmacy-desktop/backend/vendor/laravel/framework/src/Illuminate/Container/Container.php(832): Illuminate/Container/Container->build(Object(Closure))
#21 C:/wamp64/www/pharmacy-desktop/pharmacy-desktop/backend/vendor/laravel/framework/src/Illuminate/Foundation/Application.php(1078): Illuminate/Container/Container->resolve('db.schema', Array, true)
#22 C:/wamp64/www/pharmacy-desktop/pharmacy-desktop/backend/vendor/laravel/framework/src/Illuminate/Container/Container.php(763): Illuminate/Foundation/Application->resolve('db.schema', Array)
#23 C:/wamp64/www/pharmacy-desktop/pharmacy-desktop/backend/vendor/laravel/framework/src/Illuminate/Foundation/Application.php(1058): Illuminate/Container/Container->make('db.schema', Array)
#24 C:/wamp64/www/pharmacy-desktop/pharmacy-desktop/backend/vendor/laravel/framework/src/Illuminate/Container/Container.php(1580): Illuminate/Foundation/Application->make('db.schema')
#25 C:/wamp64/www/pharmacy-desktop/pharmacy-desktop/backend/vendor/laravel/framework/src/Illuminate/Support/Facades/Facade.php(242): Illuminate/Container/Container->offsetGet('db.schema')
#26 C:/wamp64/www/pharmacy-desktop/pharmacy-desktop/backend/vendor/laravel/framework/src/Illuminate/Support/Facades/Facade.php(210): Illuminate/Support/Facades/Facade::resolveFacadeInstance('db.schema')
#27 C:/wamp64/www/pharmacy-desktop/pharmacy-desktop/backend/vendor/laravel/framework/src/Illuminate/Support/Facades/Facade.php(355): Illuminate/Support/Facades/Facade::getFacadeRoot()
#28 C:/wamp64/www/pharmacy-desktop/pharmacy-desktop/backend/app/Providers/AppServiceProvider.php(25): Illuminate/Support/Facades/Facade::__callStatic('defaultStringLe...', Array)
#29 C:/wamp64/www/pharmacy-desktop/pharmacy-desktop/backend/vendor/laravel/framework/src/Illuminate/Container/BoundMethod.php(36): App/Providers/AppServiceProvider->boot()
#30 C:/wamp64/www/pharmacy-desktop/pharmacy-desktop/backend/vendor/laravel/framework/src/Illuminate/Container/Util.php(43): Illuminate/Container/BoundMethod::{closure:Illuminate/Container/BoundMethod::call():35}()
#31 C:/wamp64/www/pharmacy-desktop/pharmacy-desktop/backend/vendor/laravel/framework/src/Illuminate/Container/BoundMethod.php(95): Illuminate/Container/Util::unwrapIfClosure(Object(Closure))
#32 C:/wamp64/www/pharmacy-desktop/pharmacy-desktop/backend/vendor/laravel/framework/src/Illuminate/Container/BoundMethod.php(35): Illuminate/Container/BoundMethod::callBoundMethod(Object(Illuminate/Foundation/Application), Array, Object(Closure))
#33 C:/wamp64/www/pharmacy-desktop/pharmacy-desktop/backend/vendor/laravel/framework/src/Illuminate/Container/Container.php(696): Illuminate/Container/BoundMethod::call(Object(Illuminate/Foundation/Application), Array, Array, NULL)
#34 C:/wamp64/www/pharmacy-desktop/pharmacy-desktop/backend/vendor/laravel/framework/src/Illuminate/Foundation/Application.php(1151): Illuminate/Container/Container->call(Array)
#35 C:/wamp64/www/pharmacy-desktop/pharmacy-desktop/backend/vendor/laravel/framework/src/Illuminate/Foundation/Application.php(1132): Illuminate/Foundation/Application->bootProvider(Object(App/Providers/AppServiceProvider))
#36 [internal function]: Illuminate/Foundation/Application->{closure:Illuminate/Foundation/Application::boot():1131}(Object(App/Providers/AppServiceProvider), 'App//Providers//A...')
#37 C:/wamp64/www/pharmacy-desktop/pharmacy-desktop/backend/vendor/laravel/framework/src/Illuminate/Foundation/Application.php(1131): array_walk(Array, Object(Closure))
#38 C:/wamp64/www/pharmacy-desktop/pharmacy-desktop/backend/vendor/laravel/framework/src/Illuminate/Foundation/Bootstrap/BootProviders.php(17): Illuminate/Foundation/Application->boot()
#39 C:/wamp64/www/pharmacy-desktop/pharmacy-desktop/backend/vendor/laravel/framework/src/Illuminate/Foundation/Application.php(342): Illuminate/Foundation/Bootstrap/BootProviders->bootstrap(Object(Illuminate/Foundation/Application))
#40 C:/wamp64/www/pharmacy-desktop/pharmacy-desktop/backend/vendor/laravel/framework/src/Illuminate/Foundation/Console/Kernel.php(474): Illuminate/Foundation/Application->bootstrapWith(Array)
#41 C:/wamp64/www/pharmacy-desktop/pharmacy-desktop/backend/vendor/laravel/framework/src/Illuminate/Foundation/Console/Kernel.php(196): Illuminate/Foundation/Console/Kernel->bootstrap()
#42 C:/wamp64/www/pharmacy-desktop/pharmacy-desktop/backend/vendor/laravel/framework/src/Illuminate/Foundation/Application.php(1235): Illuminate/Foundation/Console/Kernel->handle(Object(Symfony/Component/Console/Input/ArgvInput), Object(Symfony/Component/Console/Output/ConsoleOutput))
#43 C:/wamp64/www/pharmacy-desktop/pharmacy-desktop/backend/artisan(13): Illuminate/Foundation/Application->handleCommand(Object(Symfony/Component/Console/Input/ArgvInput))
#44 {main}
"} 
[2026-05-06 05:04:03] production.ERROR: could not find driver (Connection: sqlite, SQL: PRAGMA foreign_keys = ON;) {"exception":"[object] (Illuminate\\Database\\QueryException(code: 0): could not find driver (Connection: sqlite, SQL: PRAGMA foreign_keys = ON;) at C:/wamp64/www/pharmacy-desktop/pharmacy-desktop/backend/vendor/laravel/framework/src/Illuminate/Database/Connection.php:825)
[stacktrace]
#0 C:/wamp64/www/pharmacy-desktop/pharmacy-desktop/backend/vendor/laravel/framework/src/Illuminate/Database/Connection.php(779): Illuminate/Database/Connection->runQueryCallback('PRAGMA foreign_...', Array, Object(Closure))
#1 C:/wamp64/www/pharmacy-desktop/pharmacy-desktop/backend/vendor/laravel/framework/src/Illuminate/Database/Connection.php(560): Illuminate/Database/Connection->run('PRAGMA foreign_...', Array, Object(Closure))
#2 C:/wamp64/www/pharmacy-desktop/pharmacy-desktop/backend/vendor/laravel/framework/src/Illuminate/Database/Schema/Builder.php(522): Illuminate/Database/Connection->statement('PRAGMA foreign_...')
#3 C:/wamp64/www/pharmacy-desktop/pharmacy-desktop/backend/vendor/laravel/framework/src/Illuminate/Database/SQLiteConnection.php(59): Illuminate/Database/Schema/Builder->enableForeignKeyConstraints()
#4 C:/wamp64/www/pharmacy-desktop/pharmacy-desktop/backend/vendor/laravel/framework/src/Illuminate/Database/SQLiteConnection.php(28): Illuminate/Database/SQLiteConnection->configureForeignKeyConstraints()
#5 C:/wamp64/www/pharmacy-desktop/pharmacy-desktop/backend/vendor/laravel/framework/src/Illuminate/Database/Connectors/ConnectionFactory.php(277): Illuminate/Database/SQLiteConnection->__construct(Object(Closure), '../data/databas...', '', Array)
#6 C:/wamp64/www/pharmacy-desktop/pharmacy-desktop/backend/vendor/laravel/framework/src/Illuminate/Database/Connectors/ConnectionFactory.php(76): Illuminate/Database/Connectors/ConnectionFactory->createConnection('sqlite', Object(Closure), '../data/databas...', '', Array)
#7 C:/wamp64/www/pharmacy-desktop/pharmacy-desktop/backend/vendor/laravel/framework/src/Illuminate/Database/Connectors/ConnectionFactory.php(51): Illuminate/Database/Connectors/ConnectionFactory->createSingleConnection(Array)
#8 C:/wamp64/www/pharmacy-desktop/pharmacy-desktop/backend/vendor/laravel/framework/src/Illuminate/Database/DatabaseManager.php(207): Illuminate/Database/Connectors/ConnectionFactory->make(Array, 'sqlite')
#9 C:/wamp64/www/pharmacy-desktop/pharmacy-desktop/backend/vendor/laravel/framework/src/Illuminate/Database/DatabaseManager.php(103): Illuminate/Database/DatabaseManager->makeConnection('sqlite')
#10 C:/wamp64/www/pharmacy-desktop/pharmacy-desktop/backend/vendor/laravel/framework/src/Illuminate/Database/DatabaseServiceProvider.php(74): Illuminate/Database/DatabaseManager->connection()
#11 C:/wamp64/www/pharmacy-desktop/pharmacy-desktop/backend/vendor/laravel/framework/src/Illuminate/Container/Container.php(952): Illuminate/Database/DatabaseServiceProvider->{closure:Illuminate/Database/DatabaseServiceProvider::registerConnectionServices():73}(Object(Illuminate/Foundation/Application), Array)
#12 C:/wamp64/www/pharmacy-desktop/pharmacy-desktop/backend/vendor/laravel/framework/src/Illuminate/Container/Container.php(832): Illuminate/Container/Container->build(Object(Closure))
#13 C:/wamp64/www/pharmacy-desktop/pharmacy-desktop/backend/vendor/laravel/framework/src/Illuminate/Foundation/Application.php(1078): Illuminate/Container/Container->resolve('db.schema', Array, true)
#14 C:/wamp64/www/pharmacy-desktop/pharmacy-desktop/backend/vendor/laravel/framework/src/Illuminate/Container/Container.php(763): Illuminate/Foundation/Application->resolve('db.schema', Array)
#15 C:/wamp64/www/pharmacy-desktop/pharmacy-desktop/backend/vendor/laravel/framework/src/Illuminate/Foundation/Application.php(1058): Illuminate/Container/Container->make('db.schema', Array)
#16 C:/wamp64/www/pharmacy-desktop/pharmacy-desktop/backend/vendor/laravel/framework/src/Illuminate/Container/Container.php(1580): Illuminate/Foundation/Application->make('db.schema')
#17 C:/wamp64/www/pharmacy-desktop/pharmacy-desktop/backend/vendor/laravel/framework/src/Illuminate/Support/Facades/Facade.php(242): Illuminate/Container/Container->offsetGet('db.schema')
#18 C:/wamp64/www/pharmacy-desktop/pharmacy-desktop/backend/vendor/laravel/framework/src/Illuminate/Support/Facades/Facade.php(210): Illuminate/Support/Facades/Facade::resolveFacadeInstance('db.schema')
#19 C:/wamp64/www/pharmacy-desktop/pharmacy-desktop/backend/vendor/laravel/framework/src/Illuminate/Support/Facades/Facade.php(355): Illuminate/Support/Facades/Facade::getFacadeRoot()
#20 C:/wamp64/www/pharmacy-desktop/pharmacy-desktop/backend/app/Providers/AppServiceProvider.php(25): Illuminate/Support/Facades/Facade::__callStatic('defaultStringLe...', Array)
#21 C:/wamp64/www/pharmacy-desktop/pharmacy-desktop/backend/vendor/laravel/framework/src/Illuminate/Container/BoundMethod.php(36): App/Providers/AppServiceProvider->boot()
#22 C:/wamp64/www/pharmacy-desktop/pharmacy-desktop/backend/vendor/laravel/framework/src/Illuminate/Container/Util.php(43): Illuminate/Container/BoundMethod::{closure:Illuminate/Container/BoundMethod::call():35}()
#23 C:/wamp64/www/pharmacy-desktop/pharmacy-desktop/backend/vendor/laravel/framework/src/Illuminate/Container/BoundMethod.php(95): Illuminate/Container/Util::unwrapIfClosure(Object(Closure))
#24 C:/wamp64/www/pharmacy-desktop/pharmacy-desktop/backend/vendor/laravel/framework/src/Illuminate/Container/BoundMethod.php(35): Illuminate/Container/BoundMethod::callBoundMethod(Object(Illuminate/Foundation/Application), Array, Object(Closure))
#25 C:/wamp64/www/pharmacy-desktop/pharmacy-desktop/backend/vendor/laravel/framework/src/Illuminate/Container/Container.php(696): Illuminate/Container/BoundMethod::call(Object(Illuminate/Foundation/Application), Array, Array, NULL)
#26 C:/wamp64/www/pharmacy-desktop/pharmacy-desktop/backend/vendor/laravel/framework/src/Illuminate/Foundation/Application.php(1151): Illuminate/Container/Container->call(Array)
#27 C:/wamp64/www/pharmacy-desktop/pharmacy-desktop/backend/vendor/laravel/framework/src/Illuminate/Foundation/Application.php(1132): Illuminate/Foundation/Application->bootProvider(Object(App/Providers/AppServiceProvider))
#28 [internal function]: Illuminate/Foundation/Application->{closure:Illuminate/Foundation/Application::boot():1131}(Object(App/Providers/AppServiceProvider), 'App//Providers//A...')
#29 C:/wamp64/www/pharmacy-desktop/pharmacy-desktop/backend/vendor/laravel/framework/src/Illuminate/Foundation/Application.php(1131): array_walk(Array, Object(Closure))
#30 C:/wamp64/www/pharmacy-desktop/pharmacy-desktop/backend/vendor/laravel/framework/src/Illuminate/Foundation/Bootstrap/BootProviders.php(17): Illuminate/Foundation/Application->boot()
#31 C:/wamp64/www/pharmacy-desktop/pharmacy-desktop/backend/vendor/laravel/framework/src/Illuminate/Foundation/Application.php(342): Illuminate/Foundation/Bootstrap/BootProviders->bootstrap(Object(Illuminate/Foundation/Application))
#32 C:/wamp64/www/pharmacy-desktop/pharmacy-desktop/backend/vendor/laravel/framework/src/Illuminate/Foundation/Console/Kernel.php(474): Illuminate/Foundation/Application->bootstrapWith(Array)
#33 C:/wamp64/www/pharmacy-desktop/pharmacy-desktop/backend/vendor/laravel/framework/src/Illuminate/Foundation/Console/Kernel.php(196): Illuminate/Foundation/Console/Kernel->bootstrap()
#34 C:/wamp64/www/pharmacy-desktop/pharmacy-desktop/backend/vendor/laravel/framework/src/Illuminate/Foundation/Application.php(1235): Illuminate/Foundation/Console/Kernel->handle(Object(Symfony/Component/Console/Input/ArgvInput), Object(Symfony/Component/Console/Output/ConsoleOutput))
#35 C:/wamp64/www/pharmacy-desktop/pharmacy-desktop/backend/artisan(13): Illuminate/Foundation/Application->handleCommand(Object(Symfony/Component/Console/Input/ArgvInput))
#36 {main}

[previous exception] [object] (PDOException(code: 0): could not find driver at C:/wamp64/www/pharmacy-desktop/pharmacy-desktop/backend/vendor/laravel/framework/src/Illuminate/Database/Connectors/Connector.php:67)
[stacktrace]
#0 C:/wamp64/www/pharmacy-desktop/pharmacy-desktop/backend/vendor/laravel/framework/src/Illuminate/Database/Connectors/Connector.php(67): PDO::connect('sqlite:C://wamp6...', NULL, Object(SensitiveParameterValue), Array)
#1 C:/wamp64/www/pharmacy-desktop/pharmacy-desktop/backend/vendor/laravel/framework/src/Illuminate/Database/Connectors/Connector.php(44): Illuminate/Database/Connectors/Connector->createPdoConnection('sqlite:C://wamp6...', NULL, Object(SensitiveParameterValue), Array)
#2 C:/wamp64/www/pharmacy-desktop/pharmacy-desktop/backend/vendor/laravel/framework/src/Illuminate/Database/Connectors/SQLiteConnector.php(40): Illuminate/Database/Connectors/Connector->createConnection('sqlite:C://wamp6...', Array, Array)
#3 C:/wamp64/www/pharmacy-desktop/pharmacy-desktop/backend/vendor/laravel/framework/src/Illuminate/Database/Connectors/ConnectionFactory.php(224): Illuminate/Database/Connectors/SQLiteConnector->connect(Array)
#4 [internal function]: Illuminate/Database/Connectors/ConnectionFactory->{closure:Illuminate/Database/Connectors/ConnectionFactory::createPdoResolverWithoutHosts():224}()
#5 C:/wamp64/www/pharmacy-desktop/pharmacy-desktop/backend/vendor/laravel/framework/src/Illuminate/Database/Connection.php(1231): call_user_func(Object(Closure))
#6 C:/wamp64/www/pharmacy-desktop/pharmacy-desktop/backend/vendor/laravel/framework/src/Illuminate/Database/Connection.php(565): Illuminate/Database/Connection->getPdo()
#7 C:/wamp64/www/pharmacy-desktop/pharmacy-desktop/backend/vendor/laravel/framework/src/Illuminate/Database/Connection.php(812): Illuminate/Database/Connection->{closure:Illuminate/Database/Connection::statement():560}('PRAGMA foreign_...', Array)
#8 C:/wamp64/www/pharmacy-desktop/pharmacy-desktop/backend/vendor/laravel/framework/src/Illuminate/Database/Connection.php(779): Illuminate/Database/Connection->runQueryCallback('PRAGMA foreign_...', Array, Object(Closure))
#9 C:/wamp64/www/pharmacy-desktop/pharmacy-desktop/backend/vendor/laravel/framework/src/Illuminate/Database/Connection.php(560): Illuminate/Database/Connection->run('PRAGMA foreign_...', Array, Object(Closure))
#10 C:/wamp64/www/pharmacy-desktop/pharmacy-desktop/backend/vendor/laravel/framework/src/Illuminate/Database/Schema/Builder.php(522): Illuminate/Database/Connection->statement('PRAGMA foreign_...')
#11 C:/wamp64/www/pharmacy-desktop/pharmacy-desktop/backend/vendor/laravel/framework/src/Illuminate/Database/SQLiteConnection.php(59): Illuminate/Database/Schema/Builder->enableForeignKeyConstraints()
#12 C:/wamp64/www/pharmacy-desktop/pharmacy-desktop/backend/vendor/laravel/framework/src/Illuminate/Database/SQLiteConnection.php(28): Illuminate/Database/SQLiteConnection->configureForeignKeyConstraints()
#13 C:/wamp64/www/pharmacy-desktop/pharmacy-desktop/backend/vendor/laravel/framework/src/Illuminate/Database/Connectors/ConnectionFactory.php(277): Illuminate/Database/SQLiteConnection->__construct(Object(Closure), '../data/databas...', '', Array)
#14 C:/wamp64/www/pharmacy-desktop/pharmacy-desktop/backend/vendor/laravel/framework/src/Illuminate/Database/Connectors/ConnectionFactory.php(76): Illuminate/Database/Connectors/ConnectionFactory->createConnection('sqlite', Object(Closure), '../data/databas...', '', Array)
#15 C:/wamp64/www/pharmacy-desktop/pharmacy-desktop/backend/vendor/laravel/framework/src/Illuminate/Database/Connectors/ConnectionFactory.php(51): Illuminate/Database/Connectors/ConnectionFactory->createSingleConnection(Array)
#16 C:/wamp64/www/pharmacy-desktop/pharmacy-desktop/backend/vendor/laravel/framework/src/Illuminate/Database/DatabaseManager.php(207): Illuminate/Database/Connectors/ConnectionFactory->make(Array, 'sqlite')
#17 C:/wamp64/www/pharmacy-desktop/pharmacy-desktop/backend/vendor/laravel/framework/src/Illuminate/Database/DatabaseManager.php(103): Illuminate/Database/DatabaseManager->makeConnection('sqlite')
#18 C:/wamp64/www/pharmacy-desktop/pharmacy-desktop/backend/vendor/laravel/framework/src/Illuminate/Database/DatabaseServiceProvider.php(74): Illuminate/Database/DatabaseManager->connection()
#19 C:/wamp64/www/pharmacy-desktop/pharmacy-desktop/backend/vendor/laravel/framework/src/Illuminate/Container/Container.php(952): Illuminate/Database/DatabaseServiceProvider->{closure:Illuminate/Database/DatabaseServiceProvider::registerConnectionServices():73}(Object(Illuminate/Foundation/Application), Array)
#20 C:/wamp64/www/pharmacy-desktop/pharmacy-desktop/backend/vendor/laravel/framework/src/Illuminate/Container/Container.php(832): Illuminate/Container/Container->build(Object(Closure))
#21 C:/wamp64/www/pharmacy-desktop/pharmacy-desktop/backend/vendor/laravel/framework/src/Illuminate/Foundation/Application.php(1078): Illuminate/Container/Container->resolve('db.schema', Array, true)
#22 C:/wamp64/www/pharmacy-desktop/pharmacy-desktop/backend/vendor/laravel/framework/src/Illuminate/Container/Container.php(763): Illuminate/Foundation/Application->resolve('db.schema', Array)
#23 C:/wamp64/www/pharmacy-desktop/pharmacy-desktop/backend/vendor/laravel/framework/src/Illuminate/Foundation/Application.php(1058): Illuminate/Container/Container->make('db.schema', Array)
#24 C:/wamp64/www/pharmacy-desktop/pharmacy-desktop/backend/vendor/laravel/framework/src/Illuminate/Container/Container.php(1580): Illuminate/Foundation/Application->make('db.schema')
#25 C:/wamp64/www/pharmacy-desktop/pharmacy-desktop/backend/vendor/laravel/framework/src/Illuminate/Support/Facades/Facade.php(242): Illuminate/Container/Container->offsetGet('db.schema')
#26 C:/wamp64/www/pharmacy-desktop/pharmacy-desktop/backend/vendor/laravel/framework/src/Illuminate/Support/Facades/Facade.php(210): Illuminate/Support/Facades/Facade::resolveFacadeInstance('db.schema')
#27 C:/wamp64/www/pharmacy-desktop/pharmacy-desktop/backend/vendor/laravel/framework/src/Illuminate/Support/Facades/Facade.php(355): Illuminate/Support/Facades/Facade::getFacadeRoot()
#28 C:/wamp64/www/pharmacy-desktop/pharmacy-desktop/backend/app/Providers/AppServiceProvider.php(25): Illuminate/Support/Facades/Facade::__callStatic('defaultStringLe...', Array)
#29 C:/wamp64/www/pharmacy-desktop/pharmacy-desktop/backend/vendor/laravel/framework/src/Illuminate/Container/BoundMethod.php(36): App/Providers/AppServiceProvider->boot()
#30 C:/wamp64/www/pharmacy-desktop/pharmacy-desktop/backend/vendor/laravel/framework/src/Illuminate/Container/Util.php(43): Illuminate/Container/BoundMethod::{closure:Illuminate/Container/BoundMethod::call():35}()
#31 C:/wamp64/www/pharmacy-desktop/pharmacy-desktop/backend/vendor/laravel/framework/src/Illuminate/Container/BoundMethod.php(95): Illuminate/Container/Util::unwrapIfClosure(Object(Closure))
#32 C:/wamp64/www/pharmacy-desktop/pharmacy-desktop/backend/vendor/laravel/framework/src/Illuminate/Container/BoundMethod.php(35): Illuminate/Container/BoundMethod::callBoundMethod(Object(Illuminate/Foundation/Application), Array, Object(Closure))
#33 C:/wamp64/www/pharmacy-desktop/pharmacy-desktop/backend/vendor/laravel/framework/src/Illuminate/Container/Container.php(696): Illuminate/Container/BoundMethod::call(Object(Illuminate/Foundation/Application), Array, Array, NULL)
#34 C:/wamp64/www/pharmacy-desktop/pharmacy-desktop/backend/vendor/laravel/framework/src/Illuminate/Foundation/Application.php(1151): Illuminate/Container/Container->call(Array)
#35 C:/wamp64/www/pharmacy-desktop/pharmacy-desktop/backend/vendor/laravel/framework/src/Illuminate/Foundation/Application.php(1132): Illuminate/Foundation/Application->bootProvider(Object(App/Providers/AppServiceProvider))
#36 [internal function]: Illuminate/Foundation/Application->{closure:Illuminate/Foundation/Application::boot():1131}(Object(App/Providers/AppServiceProvider), 'App//Providers//A...')
#37 C:/wamp64/www/pharmacy-desktop/pharmacy-desktop/backend/vendor/laravel/framework/src/Illuminate/Foundation/Application.php(1131): array_walk(Array, Object(Closure))
#38 C:/wamp64/www/pharmacy-desktop/pharmacy-desktop/backend/vendor/laravel/framework/src/Illuminate/Foundation/Bootstrap/BootProviders.php(17): Illuminate/Foundation/Application->boot()
#39 C:/wamp64/www/pharmacy-desktop/pharmacy-desktop/backend/vendor/laravel/framework/src/Illuminate/Foundation/Application.php(342): Illuminate/Foundation/Bootstrap/BootProviders->bootstrap(Object(Illuminate/Foundation/Application))
#40 C:/wamp64/www/pharmacy-desktop/pharmacy-desktop/backend/vendor/laravel/framework/src/Illuminate/Foundation/Console/Kernel.php(474): Illuminate/Foundation/Application->bootstrapWith(Array)
#41 C:/wamp64/www/pharmacy-desktop/pharmacy-desktop/backend/vendor/laravel/framework/src/Illuminate/Foundation/Console/Kernel.php(196): Illuminate/Foundation/Console/Kernel->bootstrap()
#42 C:/wamp64/www/pharmacy-desktop/pharmacy-desktop/backend/vendor/laravel/framework/src/Illuminate/Foundation/Application.php(1235): Illuminate/Foundation/Console/Kernel->handle(Object(Symfony/Component/Console/Input/ArgvInput), Object(Symfony/Component/Console/Output/ConsoleOutput))
#43 C:/wamp64/www/pharmacy-desktop/pharmacy-desktop/backend/artisan(13): Illuminate/Foundation/Application->handleCommand(Object(Symfony/Component/Console/Input/ArgvInput))
#44 {main}
"} 
[2026-05-06 05:08:42] production.ERROR: could not find driver (Connection: sqlite, SQL: PRAGMA foreign_keys = ON;) {"exception":"[object] (Illuminate\\Database\\QueryException(code: 0): could not find driver (Connection: sqlite, SQL: PRAGMA foreign_keys = ON;) at C:/wamp64/www/pharmacy-desktop/pharmacy-desktop/backend/vendor/laravel/framework/src/Illuminate/Database/Connection.php:825)
[stacktrace]
#0 C:/wamp64/www/pharmacy-desktop/pharmacy-desktop/backend/vendor/laravel/framework/src/Illuminate/Database/Connection.php(779): Illuminate/Database/Connection->runQueryCallback('PRAGMA foreign_...', Array, Object(Closure))
#1 C:/wamp64/www/pharmacy-desktop/pharmacy-desktop/backend/vendor/laravel/framework/src/Illuminate/Database/Connection.php(560): Illuminate/Database/Connection->run('PRAGMA foreign_...', Array, Object(Closure))
#2 C:/wamp64/www/pharmacy-desktop/pharmacy-desktop/backend/vendor/laravel/framework/src/Illuminate/Database/Schema/Builder.php(522): Illuminate/Database/Connection->statement('PRAGMA foreign_...')
#3 C:/wamp64/www/pharmacy-desktop/pharmacy-desktop/backend/vendor/laravel/framework/src/Illuminate/Database/SQLiteConnection.php(59): Illuminate/Database/Schema/Builder->enableForeignKeyConstraints()
#4 C:/wamp64/www/pharmacy-desktop/pharmacy-desktop/backend/vendor/laravel/framework/src/Illuminate/Database/SQLiteConnection.php(28): Illuminate/Database/SQLiteConnection->configureForeignKeyConstraints()
#5 C:/wamp64/www/pharmacy-desktop/pharmacy-desktop/backend/vendor/laravel/framework/src/Illuminate/Database/Connectors/ConnectionFactory.php(277): Illuminate/Database/SQLiteConnection->__construct(Object(Closure), '../data/databas...', '', Array)
#6 C:/wamp64/www/pharmacy-desktop/pharmacy-desktop/backend/vendor/laravel/framework/src/Illuminate/Database/Connectors/ConnectionFactory.php(76): Illuminate/Database/Connectors/ConnectionFactory->createConnection('sqlite', Object(Closure), '../data/databas...', '', Array)
#7 C:/wamp64/www/pharmacy-desktop/pharmacy-desktop/backend/vendor/laravel/framework/src/Illuminate/Database/Connectors/ConnectionFactory.php(51): Illuminate/Database/Connectors/ConnectionFactory->createSingleConnection(Array)
#8 C:/wamp64/www/pharmacy-desktop/pharmacy-desktop/backend/vendor/laravel/framework/src/Illuminate/Database/DatabaseManager.php(207): Illuminate/Database/Connectors/ConnectionFactory->make(Array, 'sqlite')
#9 C:/wamp64/www/pharmacy-desktop/pharmacy-desktop/backend/vendor/laravel/framework/src/Illuminate/Database/DatabaseManager.php(103): Illuminate/Database/DatabaseManager->makeConnection('sqlite')
#10 C:/wamp64/www/pharmacy-desktop/pharmacy-desktop/backend/vendor/laravel/framework/src/Illuminate/Database/DatabaseServiceProvider.php(74): Illuminate/Database/DatabaseManager->connection()
#11 C:/wamp64/www/pharmacy-desktop/pharmacy-desktop/backend/vendor/laravel/framework/src/Illuminate/Container/Container.php(952): Illuminate/Database/DatabaseServiceProvider->{closure:Illuminate/Database/DatabaseServiceProvider::registerConnectionServices():73}(Object(Illuminate/Foundation/Application), Array)
#12 C:/wamp64/www/pharmacy-desktop/pharmacy-desktop/backend/vendor/laravel/framework/src/Illuminate/Container/Container.php(832): Illuminate/Container/Container->build(Object(Closure))
#13 C:/wamp64/www/pharmacy-desktop/pharmacy-desktop/backend/vendor/laravel/framework/src/Illuminate/Foundation/Application.php(1078): Illuminate/Container/Container->resolve('db.schema', Array, true)
#14 C:/wamp64/www/pharmacy-desktop/pharmacy-desktop/backend/vendor/laravel/framework/src/Illuminate/Container/Container.php(763): Illuminate/Foundation/Application->resolve('db.schema', Array)
#15 C:/wamp64/www/pharmacy-desktop/pharmacy-desktop/backend/vendor/laravel/framework/src/Illuminate/Foundation/Application.php(1058): Illuminate/Container/Container->make('db.schema', Array)
#16 C:/wamp64/www/pharmacy-desktop/pharmacy-desktop/backend/vendor/laravel/framework/src/Illuminate/Container/Container.php(1580): Illuminate/Foundation/Application->make('db.schema')
#17 C:/wamp64/www/pharmacy-desktop/pharmacy-desktop/backend/vendor/laravel/framework/src/Illuminate/Support/Facades/Facade.php(242): Illuminate/Container/Container->offsetGet('db.schema')
#18 C:/wamp64/www/pharmacy-desktop/pharmacy-desktop/backend/vendor/laravel/framework/src/Illuminate/Support/Facades/Facade.php(210): Illuminate/Support/Facades/Facade::resolveFacadeInstance('db.schema')
#19 C:/wamp64/www/pharmacy-desktop/pharmacy-desktop/backend/vendor/laravel/framework/src/Illuminate/Support/Facades/Facade.php(355): Illuminate/Support/Facades/Facade::getFacadeRoot()
#20 C:/wamp64/www/pharmacy-desktop/pharmacy-desktop/backend/app/Providers/AppServiceProvider.php(25): Illuminate/Support/Facades/Facade::__callStatic('defaultStringLe...', Array)
#21 C:/wamp64/www/pharmacy-desktop/pharmacy-desktop/backend/vendor/laravel/framework/src/Illuminate/Container/BoundMethod.php(36): App/Providers/AppServiceProvider->boot()
#22 C:/wamp64/www/pharmacy-desktop/pharmacy-desktop/backend/vendor/laravel/framework/src/Illuminate/Container/Util.php(43): Illuminate/Container/BoundMethod::{closure:Illuminate/Container/BoundMethod::call():35}()
#23 C:/wamp64/www/pharmacy-desktop/pharmacy-desktop/backend/vendor/laravel/framework/src/Illuminate/Container/BoundMethod.php(95): Illuminate/Container/Util::unwrapIfClosure(Object(Closure))
#24 C:/wamp64/www/pharmacy-desktop/pharmacy-desktop/backend/vendor/laravel/framework/src/Illuminate/Container/BoundMethod.php(35): Illuminate/Container/BoundMethod::callBoundMethod(Object(Illuminate/Foundation/Application), Array, Object(Closure))
#25 C:/wamp64/www/pharmacy-desktop/pharmacy-desktop/backend/vendor/laravel/framework/src/Illuminate/Container/Container.php(696): Illuminate/Container/BoundMethod::call(Object(Illuminate/Foundation/Application), Array, Array, NULL)
#26 C:/wamp64/www/pharmacy-desktop/pharmacy-desktop/backend/vendor/laravel/framework/src/Illuminate/Foundation/Application.php(1151): Illuminate/Container/Container->call(Array)
#27 C:/wamp64/www/pharmacy-desktop/pharmacy-desktop/backend/vendor/laravel/framework/src/Illuminate/Foundation/Application.php(1132): Illuminate/Foundation/Application->bootProvider(Object(App/Providers/AppServiceProvider))
#28 [internal function]: Illuminate/Foundation/Application->{closure:Illuminate/Foundation/Application::boot():1131}(Object(App/Providers/AppServiceProvider), 'App//Providers//A...')
#29 C:/wamp64/www/pharmacy-desktop/pharmacy-desktop/backend/vendor/laravel/framework/src/Illuminate/Foundation/Application.php(1131): array_walk(Array, Object(Closure))
#30 C:/wamp64/www/pharmacy-desktop/pharmacy-desktop/backend/vendor/laravel/framework/src/Illuminate/Foundation/Bootstrap/BootProviders.php(17): Illuminate/Foundation/Application->boot()
#31 C:/wamp64/www/pharmacy-desktop/pharmacy-desktop/backend/vendor/laravel/framework/src/Illuminate/Foundation/Application.php(342): Illuminate/Foundation/Bootstrap/BootProviders->bootstrap(Object(Illuminate/Foundation/Application))
#32 C:/wamp64/www/pharmacy-desktop/pharmacy-desktop/backend/vendor/laravel/framework/src/Illuminate/Foundation/Console/Kernel.php(474): Illuminate/Foundation/Application->bootstrapWith(Array)
#33 C:/wamp64/www/pharmacy-desktop/pharmacy-desktop/backend/vendor/laravel/framework/src/Illuminate/Foundation/Console/Kernel.php(196): Illuminate/Foundation/Console/Kernel->bootstrap()
#34 C:/wamp64/www/pharmacy-desktop/pharmacy-desktop/backend/vendor/laravel/framework/src/Illuminate/Foundation/Application.php(1235): Illuminate/Foundation/Console/Kernel->handle(Object(Symfony/Component/Console/Input/ArgvInput), Object(Symfony/Component/Console/Output/ConsoleOutput))
#35 C:/wamp64/www/pharmacy-desktop/pharmacy-desktop/backend/artisan(13): Illuminate/Foundation/Application->handleCommand(Object(Symfony/Component/Console/Input/ArgvInput))
#36 {main}

[previous exception] [object] (PDOException(code: 0): could not find driver at C:/wamp64/www/pharmacy-desktop/pharmacy-desktop/backend/vendor/laravel/framework/src/Illuminate/Database/Connectors/Connector.php:67)
[stacktrace]
#0 C:/wamp64/www/pharmacy-desktop/pharmacy-desktop/backend/vendor/laravel/framework/src/Illuminate/Database/Connectors/Connector.php(67): PDO::connect('sqlite:C://wamp6...', NULL, Object(SensitiveParameterValue), Array)
#1 C:/wamp64/www/pharmacy-desktop/pharmacy-desktop/backend/vendor/laravel/framework/src/Illuminate/Database/Connectors/Connector.php(44): Illuminate/Database/Connectors/Connector->createPdoConnection('sqlite:C://wamp6...', NULL, Object(SensitiveParameterValue), Array)
#2 C:/wamp64/www/pharmacy-desktop/pharmacy-desktop/backend/vendor/laravel/framework/src/Illuminate/Database/Connectors/SQLiteConnector.php(40): Illuminate/Database/Connectors/Connector->createConnection('sqlite:C://wamp6...', Array, Array)
#3 C:/wamp64/www/pharmacy-desktop/pharmacy-desktop/backend/vendor/laravel/framework/src/Illuminate/Database/Connectors/ConnectionFactory.php(224): Illuminate/Database/Connectors/SQLiteConnector->connect(Array)
#4 [internal function]: Illuminate/Database/Connectors/ConnectionFactory->{closure:Illuminate/Database/Connectors/ConnectionFactory::createPdoResolverWithoutHosts():224}()
#5 C:/wamp64/www/pharmacy-desktop/pharmacy-desktop/backend/vendor/laravel/framework/src/Illuminate/Database/Connection.php(1231): call_user_func(Object(Closure))
#6 C:/wamp64/www/pharmacy-desktop/pharmacy-desktop/backend/vendor/laravel/framework/src/Illuminate/Database/Connection.php(565): Illuminate/Database/Connection->getPdo()
#7 C:/wamp64/www/pharmacy-desktop/pharmacy-desktop/backend/vendor/laravel/framework/src/Illuminate/Database/Connection.php(812): Illuminate/Database/Connection->{closure:Illuminate/Database/Connection::statement():560}('PRAGMA foreign_...', Array)
#8 C:/wamp64/www/pharmacy-desktop/pharmacy-desktop/backend/vendor/laravel/framework/src/Illuminate/Database/Connection.php(779): Illuminate/Database/Connection->runQueryCallback('PRAGMA foreign_...', Array, Object(Closure))
#9 C:/wamp64/www/pharmacy-desktop/pharmacy-desktop/backend/vendor/laravel/framework/src/Illuminate/Database/Connection.php(560): Illuminate/Database/Connection->run('PRAGMA foreign_...', Array, Object(Closure))
#10 C:/wamp64/www/pharmacy-desktop/pharmacy-desktop/backend/vendor/laravel/framework/src/Illuminate/Database/Schema/Builder.php(522): Illuminate/Database/Connection->statement('PRAGMA foreign_...')
#11 C:/wamp64/www/pharmacy-desktop/pharmacy-desktop/backend/vendor/laravel/framework/src/Illuminate/Database/SQLiteConnection.php(59): Illuminate/Database/Schema/Builder->enableForeignKeyConstraints()
#12 C:/wamp64/www/pharmacy-desktop/pharmacy-desktop/backend/vendor/laravel/framework/src/Illuminate/Database/SQLiteConnection.php(28): Illuminate/Database/SQLiteConnection->configureForeignKeyConstraints()
#13 C:/wamp64/www/pharmacy-desktop/pharmacy-desktop/backend/vendor/laravel/framework/src/Illuminate/Database/Connectors/ConnectionFactory.php(277): Illuminate/Database/SQLiteConnection->__construct(Object(Closure), '../data/databas...', '', Array)
#14 C:/wamp64/www/pharmacy-desktop/pharmacy-desktop/backend/vendor/laravel/framework/src/Illuminate/Database/Connectors/ConnectionFactory.php(76): Illuminate/Database/Connectors/ConnectionFactory->createConnection('sqlite', Object(Closure), '../data/databas...', '', Array)
#15 C:/wamp64/www/pharmacy-desktop/pharmacy-desktop/backend/vendor/laravel/framework/src/Illuminate/Database/Connectors/ConnectionFactory.php(51): Illuminate/Database/Connectors/ConnectionFactory->createSingleConnection(Array)
#16 C:/wamp64/www/pharmacy-desktop/pharmacy-desktop/backend/vendor/laravel/framework/src/Illuminate/Database/DatabaseManager.php(207): Illuminate/Database/Connectors/ConnectionFactory->make(Array, 'sqlite')
#17 C:/wamp64/www/pharmacy-desktop/pharmacy-desktop/backend/vendor/laravel/framework/src/Illuminate/Database/DatabaseManager.php(103): Illuminate/Database/DatabaseManager->makeConnection('sqlite')
#18 C:/wamp64/www/pharmacy-desktop/pharmacy-desktop/backend/vendor/laravel/framework/src/Illuminate/Database/DatabaseServiceProvider.php(74): Illuminate/Database/DatabaseManager->connection()
#19 C:/wamp64/www/pharmacy-desktop/pharmacy-desktop/backend/vendor/laravel/framework/src/Illuminate/Container/Container.php(952): Illuminate/Database/DatabaseServiceProvider->{closure:Illuminate/Database/DatabaseServiceProvider::registerConnectionServices():73}(Object(Illuminate/Foundation/Application), Array)
#20 C:/wamp64/www/pharmacy-desktop/pharmacy-desktop/backend/vendor/laravel/framework/src/Illuminate/Container/Container.php(832): Illuminate/Container/Container->build(Object(Closure))
#21 C:/wamp64/www/pharmacy-desktop/pharmacy-desktop/backend/vendor/laravel/framework/src/Illuminate/Foundation/Application.php(1078): Illuminate/Container/Container->resolve('db.schema', Array, true)
#22 C:/wamp64/www/pharmacy-desktop/pharmacy-desktop/backend/vendor/laravel/framework/src/Illuminate/Container/Container.php(763): Illuminate/Foundation/Application->resolve('db.schema', Array)
#23 C:/wamp64/www/pharmacy-desktop/pharmacy-desktop/backend/vendor/laravel/framework/src/Illuminate/Foundation/Application.php(1058): Illuminate/Container/Container->make('db.schema', Array)
#24 C:/wamp64/www/pharmacy-desktop/pharmacy-desktop/backend/vendor/laravel/framework/src/Illuminate/Container/Container.php(1580): Illuminate/Foundation/Application->make('db.schema')
#25 C:/wamp64/www/pharmacy-desktop/pharmacy-desktop/backend/vendor/laravel/framework/src/Illuminate/Support/Facades/Facade.php(242): Illuminate/Container/Container->offsetGet('db.schema')
#26 C:/wamp64/www/pharmacy-desktop/pharmacy-desktop/backend/vendor/laravel/framework/src/Illuminate/Support/Facades/Facade.php(210): Illuminate/Support/Facades/Facade::resolveFacadeInstance('db.schema')
#27 C:/wamp64/www/pharmacy-desktop/pharmacy-desktop/backend/vendor/laravel/framework/src/Illuminate/Support/Facades/Facade.php(355): Illuminate/Support/Facades/Facade::getFacadeRoot()
#28 C:/wamp64/www/pharmacy-desktop/pharmacy-desktop/backend/app/Providers/AppServiceProvider.php(25): Illuminate/Support/Facades/Facade::__callStatic('defaultStringLe...', Array)
#29 C:/wamp64/www/pharmacy-desktop/pharmacy-desktop/backend/vendor/laravel/framework/src/Illuminate/Container/BoundMethod.php(36): App/Providers/AppServiceProvider->boot()
#30 C:/wamp64/www/pharmacy-desktop/pharmacy-desktop/backend/vendor/laravel/framework/src/Illuminate/Container/Util.php(43): Illuminate/Container/BoundMethod::{closure:Illuminate/Container/BoundMethod::call():35}()
#31 C:/wamp64/www/pharmacy-desktop/pharmacy-desktop/backend/vendor/laravel/framework/src/Illuminate/Container/BoundMethod.php(95): Illuminate/Container/Util::unwrapIfClosure(Object(Closure))
#32 C:/wamp64/www/pharmacy-desktop/pharmacy-desktop/backend/vendor/laravel/framework/src/Illuminate/Container/BoundMethod.php(35): Illuminate/Container/BoundMethod::callBoundMethod(Object(Illuminate/Foundation/Application), Array, Object(Closure))
#33 C:/wamp64/www/pharmacy-desktop/pharmacy-desktop/backend/vendor/laravel/framework/src/Illuminate/Container/Container.php(696): Illuminate/Container/BoundMethod::call(Object(Illuminate/Foundation/Application), Array, Array, NULL)
#34 C:/wamp64/www/pharmacy-desktop/pharmacy-desktop/backend/vendor/laravel/framework/src/Illuminate/Foundation/Application.php(1151): Illuminate/Container/Container->call(Array)
#35 C:/wamp64/www/pharmacy-desktop/pharmacy-desktop/backend/vendor/laravel/framework/src/Illuminate/Foundation/Application.php(1132): Illuminate/Foundation/Application->bootProvider(Object(App/Providers/AppServiceProvider))
#36 [internal function]: Illuminate/Foundation/Application->{closure:Illuminate/Foundation/Application::boot():1131}(Object(App/Providers/AppServiceProvider), 'App//Providers//A...')
#37 C:/wamp64/www/pharmacy-desktop/pharmacy-desktop/backend/vendor/laravel/framework/src/Illuminate/Foundation/Application.php(1131): array_walk(Array, Object(Closure))
#38 C:/wamp64/www/pharmacy-desktop/pharmacy-desktop/backend/vendor/laravel/framework/src/Illuminate/Foundation/Bootstrap/BootProviders.php(17): Illuminate/Foundation/Application->boot()
#39 C:/wamp64/www/pharmacy-desktop/pharmacy-desktop/backend/vendor/laravel/framework/src/Illuminate/Foundation/Application.php(342): Illuminate/Foundation/Bootstrap/BootProviders->bootstrap(Object(Illuminate/Foundation/Application))
#40 C:/wamp64/www/pharmacy-desktop/pharmacy-desktop/backend/vendor/laravel/framework/src/Illuminate/Foundation/Console/Kernel.php(474): Illuminate/Foundation/Application->bootstrapWith(Array)
#41 C:/wamp64/www/pharmacy-desktop/pharmacy-desktop/backend/vendor/laravel/framework/src/Illuminate/Foundation/Console/Kernel.php(196): Illuminate/Foundation/Console/Kernel->bootstrap()
#42 C:/wamp64/www/pharmacy-desktop/pharmacy-desktop/backend/vendor/laravel/framework/src/Illuminate/Foundation/Application.php(1235): Illuminate/Foundation/Console/Kernel->handle(Object(Symfony/Component/Console/Input/ArgvInput), Object(Symfony/Component/Console/Output/ConsoleOutput))
#43 C:/wamp64/www/pharmacy-desktop/pharmacy-desktop/backend/artisan(13): Illuminate/Foundation/Application->handleCommand(Object(Symfony/Component/Console/Input/ArgvInput))
#44 {main}
"} 
[2026-05-06 05:17:42] production.ERROR: could not find driver (Connection: sqlite, SQL: PRAGMA foreign_keys = ON;) {"exception":"[object] (Illuminate\\Database\\QueryException(code: 0): could not find driver (Connection: sqlite, SQL: PRAGMA foreign_keys = ON;) at C:/wamp64/www/pharmacy-desktop/pharmacy-desktop/backend/vendor/laravel/framework/src/Illuminate/Database/Connection.php:825)
[stacktrace]
#0 C:/wamp64/www/pharmacy-desktop/pharmacy-desktop/backend/vendor/laravel/framework/src/Illuminate/Database/Connection.php(779): Illuminate/Database/Connection->runQueryCallback('PRAGMA foreign_...', Array, Object(Closure))
#1 C:/wamp64/www/pharmacy-desktop/pharmacy-desktop/backend/vendor/laravel/framework/src/Illuminate/Database/Connection.php(560): Illuminate/Database/Connection->run('PRAGMA foreign_...', Array, Object(Closure))
#2 C:/wamp64/www/pharmacy-desktop/pharmacy-desktop/backend/vendor/laravel/framework/src/Illuminate/Database/Schema/Builder.php(522): Illuminate/Database/Connection->statement('PRAGMA foreign_...')
#3 C:/wamp64/www/pharmacy-desktop/pharmacy-desktop/backend/vendor/laravel/framework/src/Illuminate/Database/SQLiteConnection.php(59): Illuminate/Database/Schema/Builder->enableForeignKeyConstraints()
#4 C:/wamp64/www/pharmacy-desktop/pharmacy-desktop/backend/vendor/laravel/framework/src/Illuminate/Database/SQLiteConnection.php(28): Illuminate/Database/SQLiteConnection->configureForeignKeyConstraints()
#5 C:/wamp64/www/pharmacy-desktop/pharmacy-desktop/backend/vendor/laravel/framework/src/Illuminate/Database/Connectors/ConnectionFactory.php(277): Illuminate/Database/SQLiteConnection->__construct(Object(Closure), '../data/databas...', '', Array)
#6 C:/wamp64/www/pharmacy-desktop/pharmacy-desktop/backend/vendor/laravel/framework/src/Illuminate/Database/Connectors/ConnectionFactory.php(76): Illuminate/Database/Connectors/ConnectionFactory->createConnection('sqlite', Object(Closure), '../data/databas...', '', Array)
#7 C:/wamp64/www/pharmacy-desktop/pharmacy-desktop/backend/vendor/laravel/framework/src/Illuminate/Database/Connectors/ConnectionFactory.php(51): Illuminate/Database/Connectors/ConnectionFactory->createSingleConnection(Array)
#8 C:/wamp64/www/pharmacy-desktop/pharmacy-desktop/backend/vendor/laravel/framework/src/Illuminate/Database/DatabaseManager.php(207): Illuminate/Database/Connectors/ConnectionFactory->make(Array, 'sqlite')
#9 C:/wamp64/www/pharmacy-desktop/pharmacy-desktop/backend/vendor/laravel/framework/src/Illuminate/Database/DatabaseManager.php(103): Illuminate/Database/DatabaseManager->makeConnection('sqlite')
#10 C:/wamp64/www/pharmacy-desktop/pharmacy-desktop/backend/vendor/laravel/framework/src/Illuminate/Database/DatabaseServiceProvider.php(74): Illuminate/Database/DatabaseManager->connection()
#11 C:/wamp64/www/pharmacy-desktop/pharmacy-desktop/backend/vendor/laravel/framework/src/Illuminate/Container/Container.php(952): Illuminate/Database/DatabaseServiceProvider->{closure:Illuminate/Database/DatabaseServiceProvider::registerConnectionServices():73}(Object(Illuminate/Foundation/Application), Array)
#12 C:/wamp64/www/pharmacy-desktop/pharmacy-desktop/backend/vendor/laravel/framework/src/Illuminate/Container/Container.php(832): Illuminate/Container/Container->build(Object(Closure))
#13 C:/wamp64/www/pharmacy-desktop/pharmacy-desktop/backend/vendor/laravel/framework/src/Illuminate/Foundation/Application.php(1078): Illuminate/Container/Container->resolve('db.schema', Array, true)
#14 C:/wamp64/www/pharmacy-desktop/pharmacy-desktop/backend/vendor/laravel/framework/src/Illuminate/Container/Container.php(763): Illuminate/Foundation/Application->resolve('db.schema', Array)
#15 C:/wamp64/www/pharmacy-desktop/pharmacy-desktop/backend/vendor/laravel/framework/src/Illuminate/Foundation/Application.php(1058): Illuminate/Container/Container->make('db.schema', Array)
#16 C:/wamp64/www/pharmacy-desktop/pharmacy-desktop/backend/vendor/laravel/framework/src/Illuminate/Container/Container.php(1580): Illuminate/Foundation/Application->make('db.schema')
#17 C:/wamp64/www/pharmacy-desktop/pharmacy-desktop/backend/vendor/laravel/framework/src/Illuminate/Support/Facades/Facade.php(242): Illuminate/Container/Container->offsetGet('db.schema')
#18 C:/wamp64/www/pharmacy-desktop/pharmacy-desktop/backend/vendor/laravel/framework/src/Illuminate/Support/Facades/Facade.php(210): Illuminate/Support/Facades/Facade::resolveFacadeInstance('db.schema')
#19 C:/wamp64/www/pharmacy-desktop/pharmacy-desktop/backend/vendor/laravel/framework/src/Illuminate/Support/Facades/Facade.php(355): Illuminate/Support/Facades/Facade::getFacadeRoot()
#20 C:/wamp64/www/pharmacy-desktop/pharmacy-desktop/backend/app/Providers/AppServiceProvider.php(25): Illuminate/Support/Facades/Facade::__callStatic('defaultStringLe...', Array)
#21 C:/wamp64/www/pharmacy-desktop/pharmacy-desktop/backend/vendor/laravel/framework/src/Illuminate/Container/BoundMethod.php(36): App/Providers/AppServiceProvider->boot()
#22 C:/wamp64/www/pharmacy-desktop/pharmacy-desktop/backend/vendor/laravel/framework/src/Illuminate/Container/Util.php(43): Illuminate/Container/BoundMethod::{closure:Illuminate/Container/BoundMethod::call():35}()
#23 C:/wamp64/www/pharmacy-desktop/pharmacy-desktop/backend/vendor/laravel/framework/src/Illuminate/Container/BoundMethod.php(95): Illuminate/Container/Util::unwrapIfClosure(Object(Closure))
#24 C:/wamp64/www/pharmacy-desktop/pharmacy-desktop/backend/vendor/laravel/framework/src/Illuminate/Container/BoundMethod.php(35): Illuminate/Container/BoundMethod::callBoundMethod(Object(Illuminate/Foundation/Application), Array, Object(Closure))
#25 C:/wamp64/www/pharmacy-desktop/pharmacy-desktop/backend/vendor/laravel/framework/src/Illuminate/Container/Container.php(696): Illuminate/Container/BoundMethod::call(Object(Illuminate/Foundation/Application), Array, Array, NULL)
#26 C:/wamp64/www/pharmacy-desktop/pharmacy-desktop/backend/vendor/laravel/framework/src/Illuminate/Foundation/Application.php(1151): Illuminate/Container/Container->call(Array)
#27 C:/wamp64/www/pharmacy-desktop/pharmacy-desktop/backend/vendor/laravel/framework/src/Illuminate/Foundation/Application.php(1132): Illuminate/Foundation/Application->bootProvider(Object(App/Providers/AppServiceProvider))
#28 [internal function]: Illuminate/Foundation/Application->{closure:Illuminate/Foundation/Application::boot():1131}(Object(App/Providers/AppServiceProvider), 'App//Providers//A...')
#29 C:/wamp64/www/pharmacy-desktop/pharmacy-desktop/backend/vendor/laravel/framework/src/Illuminate/Foundation/Application.php(1131): array_walk(Array, Object(Closure))
#30 C:/wamp64/www/pharmacy-desktop/pharmacy-desktop/backend/vendor/laravel/framework/src/Illuminate/Foundation/Bootstrap/BootProviders.php(17): Illuminate/Foundation/Application->boot()
#31 C:/wamp64/www/pharmacy-desktop/pharmacy-desktop/backend/vendor/laravel/framework/src/Illuminate/Foundation/Application.php(342): Illuminate/Foundation/Bootstrap/BootProviders->bootstrap(Object(Illuminate/Foundation/Application))
#32 C:/wamp64/www/pharmacy-desktop/pharmacy-desktop/backend/vendor/laravel/framework/src/Illuminate/Foundation/Console/Kernel.php(474): Illuminate/Foundation/Application->bootstrapWith(Array)
#33 C:/wamp64/www/pharmacy-desktop/pharmacy-desktop/backend/vendor/laravel/framework/src/Illuminate/Foundation/Console/Kernel.php(196): Illuminate/Foundation/Console/Kernel->bootstrap()
#34 C:/wamp64/www/pharmacy-desktop/pharmacy-desktop/backend/vendor/laravel/framework/src/Illuminate/Foundation/Application.php(1235): Illuminate/Foundation/Console/Kernel->handle(Object(Symfony/Component/Console/Input/ArgvInput), Object(Symfony/Component/Console/Output/ConsoleOutput))
#35 C:/wamp64/www/pharmacy-desktop/pharmacy-desktop/backend/artisan(13): Illuminate/Foundation/Application->handleCommand(Object(Symfony/Component/Console/Input/ArgvInput))
#36 {main}

[previous exception] [object] (PDOException(code: 0): could not find driver at C:/wamp64/www/pharmacy-desktop/pharmacy-desktop/backend/vendor/laravel/framework/src/Illuminate/Database/Connectors/Connector.php:67)
[stacktrace]
#0 C:/wamp64/www/pharmacy-desktop/pharmacy-desktop/backend/vendor/laravel/framework/src/Illuminate/Database/Connectors/Connector.php(67): PDO::connect('sqlite:C://wamp6...', NULL, Object(SensitiveParameterValue), Array)
#1 C:/wamp64/www/pharmacy-desktop/pharmacy-desktop/backend/vendor/laravel/framework/src/Illuminate/Database/Connectors/Connector.php(44): Illuminate/Database/Connectors/Connector->createPdoConnection('sqlite:C://wamp6...', NULL, Object(SensitiveParameterValue), Array)
#2 C:/wamp64/www/pharmacy-desktop/pharmacy-desktop/backend/vendor/laravel/framework/src/Illuminate/Database/Connectors/SQLiteConnector.php(40): Illuminate/Database/Connectors/Connector->createConnection('sqlite:C://wamp6...', Array, Array)
#3 C:/wamp64/www/pharmacy-desktop/pharmacy-desktop/backend/vendor/laravel/framework/src/Illuminate/Database/Connectors/ConnectionFactory.php(224): Illuminate/Database/Connectors/SQLiteConnector->connect(Array)
#4 [internal function]: Illuminate/Database/Connectors/ConnectionFactory->{closure:Illuminate/Database/Connectors/ConnectionFactory::createPdoResolverWithoutHosts():224}()
#5 C:/wamp64/www/pharmacy-desktop/pharmacy-desktop/backend/vendor/laravel/framework/src/Illuminate/Database/Connection.php(1231): call_user_func(Object(Closure))
#6 C:/wamp64/www/pharmacy-desktop/pharmacy-desktop/backend/vendor/laravel/framework/src/Illuminate/Database/Connection.php(565): Illuminate/Database/Connection->getPdo()
#7 C:/wamp64/www/pharmacy-desktop/pharmacy-desktop/backend/vendor/laravel/framework/src/Illuminate/Database/Connection.php(812): Illuminate/Database/Connection->{closure:Illuminate/Database/Connection::statement():560}('PRAGMA foreign_...', Array)
#8 C:/wamp64/www/pharmacy-desktop/pharmacy-desktop/backend/vendor/laravel/framework/src/Illuminate/Database/Connection.php(779): Illuminate/Database/Connection->runQueryCallback('PRAGMA foreign_...', Array, Object(Closure))
#9 C:/wamp64/www/pharmacy-desktop/pharmacy-desktop/backend/vendor/laravel/framework/src/Illuminate/Database/Connection.php(560): Illuminate/Database/Connection->run('PRAGMA foreign_...', Array, Object(Closure))
#10 C:/wamp64/www/pharmacy-desktop/pharmacy-desktop/backend/vendor/laravel/framework/src/Illuminate/Database/Schema/Builder.php(522): Illuminate/Database/Connection->statement('PRAGMA foreign_...')
#11 C:/wamp64/www/pharmacy-desktop/pharmacy-desktop/backend/vendor/laravel/framework/src/Illuminate/Database/SQLiteConnection.php(59): Illuminate/Database/Schema/Builder->enableForeignKeyConstraints()
#12 C:/wamp64/www/pharmacy-desktop/pharmacy-desktop/backend/vendor/laravel/framework/src/Illuminate/Database/SQLiteConnection.php(28): Illuminate/Database/SQLiteConnection->configureForeignKeyConstraints()
#13 C:/wamp64/www/pharmacy-desktop/pharmacy-desktop/backend/vendor/laravel/framework/src/Illuminate/Database/Connectors/ConnectionFactory.php(277): Illuminate/Database/SQLiteConnection->__construct(Object(Closure), '../data/databas...', '', Array)
#14 C:/wamp64/www/pharmacy-desktop/pharmacy-desktop/backend/vendor/laravel/framework/src/Illuminate/Database/Connectors/ConnectionFactory.php(76): Illuminate/Database/Connectors/ConnectionFactory->createConnection('sqlite', Object(Closure), '../data/databas...', '', Array)
#15 C:/wamp64/www/pharmacy-desktop/pharmacy-desktop/backend/vendor/laravel/framework/src/Illuminate/Database/Connectors/ConnectionFactory.php(51): Illuminate/Database/Connectors/ConnectionFactory->createSingleConnection(Array)
#16 C:/wamp64/www/pharmacy-desktop/pharmacy-desktop/backend/vendor/laravel/framework/src/Illuminate/Database/DatabaseManager.php(207): Illuminate/Database/Connectors/ConnectionFactory->make(Array, 'sqlite')
#17 C:/wamp64/www/pharmacy-desktop/pharmacy-desktop/backend/vendor/laravel/framework/src/Illuminate/Database/DatabaseManager.php(103): Illuminate/Database/DatabaseManager->makeConnection('sqlite')
#18 C:/wamp64/www/pharmacy-desktop/pharmacy-desktop/backend/vendor/laravel/framework/src/Illuminate/Database/DatabaseServiceProvider.php(74): Illuminate/Database/DatabaseManager->connection()
#19 C:/wamp64/www/pharmacy-desktop/pharmacy-desktop/backend/vendor/laravel/framework/src/Illuminate/Container/Container.php(952): Illuminate/Database/DatabaseServiceProvider->{closure:Illuminate/Database/DatabaseServiceProvider::registerConnectionServices():73}(Object(Illuminate/Foundation/Application), Array)
#20 C:/wamp64/www/pharmacy-desktop/pharmacy-desktop/backend/vendor/laravel/framework/src/Illuminate/Container/Container.php(832): Illuminate/Container/Container->build(Object(Closure))
#21 C:/wamp64/www/pharmacy-desktop/pharmacy-desktop/backend/vendor/laravel/framework/src/Illuminate/Foundation/Application.php(1078): Illuminate/Container/Container->resolve('db.schema', Array, true)
#22 C:/wamp64/www/pharmacy-desktop/pharmacy-desktop/backend/vendor/laravel/framework/src/Illuminate/Container/Container.php(763): Illuminate/Foundation/Application->resolve('db.schema', Array)
#23 C:/wamp64/www/pharmacy-desktop/pharmacy-desktop/backend/vendor/laravel/framework/src/Illuminate/Foundation/Application.php(1058): Illuminate/Container/Container->make('db.schema', Array)
#24 C:/wamp64/www/pharmacy-desktop/pharmacy-desktop/backend/vendor/laravel/framework/src/Illuminate/Container/Container.php(1580): Illuminate/Foundation/Application->make('db.schema')
#25 C:/wamp64/www/pharmacy-desktop/pharmacy-desktop/backend/vendor/laravel/framework/src/Illuminate/Support/Facades/Facade.php(242): Illuminate/Container/Container->offsetGet('db.schema')
#26 C:/wamp64/www/pharmacy-desktop/pharmacy-desktop/backend/vendor/laravel/framework/src/Illuminate/Support/Facades/Facade.php(210): Illuminate/Support/Facades/Facade::resolveFacadeInstance('db.schema')
#27 C:/wamp64/www/pharmacy-desktop/pharmacy-desktop/backend/vendor/laravel/framework/src/Illuminate/Support/Facades/Facade.php(355): Illuminate/Support/Facades/Facade::getFacadeRoot()
#28 C:/wamp64/www/pharmacy-desktop/pharmacy-desktop/backend/app/Providers/AppServiceProvider.php(25): Illuminate/Support/Facades/Facade::__callStatic('defaultStringLe...', Array)
#29 C:/wamp64/www/pharmacy-desktop/pharmacy-desktop/backend/vendor/laravel/framework/src/Illuminate/Container/BoundMethod.php(36): App/Providers/AppServiceProvider->boot()
#30 C:/wamp64/www/pharmacy-desktop/pharmacy-desktop/backend/vendor/laravel/framework/src/Illuminate/Container/Util.php(43): Illuminate/Container/BoundMethod::{closure:Illuminate/Container/BoundMethod::call():35}()
#31 C:/wamp64/www/pharmacy-desktop/pharmacy-desktop/backend/vendor/laravel/framework/src/Illuminate/Container/BoundMethod.php(95): Illuminate/Container/Util::unwrapIfClosure(Object(Closure))
#32 C:/wamp64/www/pharmacy-desktop/pharmacy-desktop/backend/vendor/laravel/framework/src/Illuminate/Container/BoundMethod.php(35): Illuminate/Container/BoundMethod::callBoundMethod(Object(Illuminate/Foundation/Application), Array, Object(Closure))
#33 C:/wamp64/www/pharmacy-desktop/pharmacy-desktop/backend/vendor/laravel/framework/src/Illuminate/Container/Container.php(696): Illuminate/Container/BoundMethod::call(Object(Illuminate/Foundation/Application), Array, Array, NULL)
#34 C:/wamp64/www/pharmacy-desktop/pharmacy-desktop/backend/vendor/laravel/framework/src/Illuminate/Foundation/Application.php(1151): Illuminate/Container/Container->call(Array)
#35 C:/wamp64/www/pharmacy-desktop/pharmacy-desktop/backend/vendor/laravel/framework/src/Illuminate/Foundation/Application.php(1132): Illuminate/Foundation/Application->bootProvider(Object(App/Providers/AppServiceProvider))
#36 [internal function]: Illuminate/Foundation/Application->{closure:Illuminate/Foundation/Application::boot():1131}(Object(App/Providers/AppServiceProvider), 'App//Providers//A...')
#37 C:/wamp64/www/pharmacy-desktop/pharmacy-desktop/backend/vendor/laravel/framework/src/Illuminate/Foundation/Application.php(1131): array_walk(Array, Object(Closure))
#38 C:/wamp64/www/pharmacy-desktop/pharmacy-desktop/backend/vendor/laravel/framework/src/Illuminate/Foundation/Bootstrap/BootProviders.php(17): Illuminate/Foundation/Application->boot()
#39 C:/wamp64/www/pharmacy-desktop/pharmacy-desktop/backend/vendor/laravel/framework/src/Illuminate/Foundation/Application.php(342): Illuminate/Foundation/Bootstrap/BootProviders->bootstrap(Object(Illuminate/Foundation/Application))
#40 C:/wamp64/www/pharmacy-desktop/pharmacy-desktop/backend/vendor/laravel/framework/src/Illuminate/Foundation/Console/Kernel.php(474): Illuminate/Foundation/Application->bootstrapWith(Array)
#41 C:/wamp64/www/pharmacy-desktop/pharmacy-desktop/backend/vendor/laravel/framework/src/Illuminate/Foundation/Console/Kernel.php(196): Illuminate/Foundation/Console/Kernel->bootstrap()
#42 C:/wamp64/www/pharmacy-desktop/pharmacy-desktop/backend/vendor/laravel/framework/src/Illuminate/Foundation/Application.php(1235): Illuminate/Foundation/Console/Kernel->handle(Object(Symfony/Component/Console/Input/ArgvInput), Object(Symfony/Component/Console/Output/ConsoleOutput))
#43 C:/wamp64/www/pharmacy-desktop/pharmacy-desktop/backend/artisan(13): Illuminate/Foundation/Application->handleCommand(Object(Symfony/Component/Console/Input/ArgvInput))
#44 {main}
"} 
[2026-05-06 05:18:28] production.ERROR: could not find driver (Connection: sqlite, SQL: PRAGMA foreign_keys = ON;) {"exception":"[object] (Illuminate\\Database\\QueryException(code: 0): could not find driver (Connection: sqlite, SQL: PRAGMA foreign_keys = ON;) at C:/wamp64/www/pharmacy-desktop/pharmacy-desktop/backend/vendor/laravel/framework/src/Illuminate/Database/Connection.php:825)
[stacktrace]
#0 C:/wamp64/www/pharmacy-desktop/pharmacy-desktop/backend/vendor/laravel/framework/src/Illuminate/Database/Connection.php(779): Illuminate/Database/Connection->runQueryCallback('PRAGMA foreign_...', Array, Object(Closure))
#1 C:/wamp64/www/pharmacy-desktop/pharmacy-desktop/backend/vendor/laravel/framework/src/Illuminate/Database/Connection.php(560): Illuminate/Database/Connection->run('PRAGMA foreign_...', Array, Object(Closure))
#2 C:/wamp64/www/pharmacy-desktop/pharmacy-desktop/backend/vendor/laravel/framework/src/Illuminate/Database/Schema/Builder.php(522): Illuminate/Database/Connection->statement('PRAGMA foreign_...')
#3 C:/wamp64/www/pharmacy-desktop/pharmacy-desktop/backend/vendor/laravel/framework/src/Illuminate/Database/SQLiteConnection.php(59): Illuminate/Database/Schema/Builder->enableForeignKeyConstraints()
#4 C:/wamp64/www/pharmacy-desktop/pharmacy-desktop/backend/vendor/laravel/framework/src/Illuminate/Database/SQLiteConnection.php(28): Illuminate/Database/SQLiteConnection->configureForeignKeyConstraints()
#5 C:/wamp64/www/pharmacy-desktop/pharmacy-desktop/backend/vendor/laravel/framework/src/Illuminate/Database/Connectors/ConnectionFactory.php(277): Illuminate/Database/SQLiteConnection->__construct(Object(Closure), '../data/databas...', '', Array)
#6 C:/wamp64/www/pharmacy-desktop/pharmacy-desktop/backend/vendor/laravel/framework/src/Illuminate/Database/Connectors/ConnectionFactory.php(76): Illuminate/Database/Connectors/ConnectionFactory->createConnection('sqlite', Object(Closure), '../data/databas...', '', Array)
#7 C:/wamp64/www/pharmacy-desktop/pharmacy-desktop/backend/vendor/laravel/framework/src/Illuminate/Database/Connectors/ConnectionFactory.php(51): Illuminate/Database/Connectors/ConnectionFactory->createSingleConnection(Array)
#8 C:/wamp64/www/pharmacy-desktop/pharmacy-desktop/backend/vendor/laravel/framework/src/Illuminate/Database/DatabaseManager.php(207): Illuminate/Database/Connectors/ConnectionFactory->make(Array, 'sqlite')
#9 C:/wamp64/www/pharmacy-desktop/pharmacy-desktop/backend/vendor/laravel/framework/src/Illuminate/Database/DatabaseManager.php(103): Illuminate/Database/DatabaseManager->makeConnection('sqlite')
#10 C:/wamp64/www/pharmacy-desktop/pharmacy-desktop/backend/vendor/laravel/framework/src/Illuminate/Database/DatabaseServiceProvider.php(74): Illuminate/Database/DatabaseManager->connection()
#11 C:/wamp64/www/pharmacy-desktop/pharmacy-desktop/backend/vendor/laravel/framework/src/Illuminate/Container/Container.php(952): Illuminate/Database/DatabaseServiceProvider->{closure:Illuminate/Database/DatabaseServiceProvider::registerConnectionServices():73}(Object(Illuminate/Foundation/Application), Array)
#12 C:/wamp64/www/pharmacy-desktop/pharmacy-desktop/backend/vendor/laravel/framework/src/Illuminate/Container/Container.php(832): Illuminate/Container/Container->build(Object(Closure))
#13 C:/wamp64/www/pharmacy-desktop/pharmacy-desktop/backend/vendor/laravel/framework/src/Illuminate/Foundation/Application.php(1078): Illuminate/Container/Container->resolve('db.schema', Array, true)
#14 C:/wamp64/www/pharmacy-desktop/pharmacy-desktop/backend/vendor/laravel/framework/src/Illuminate/Container/Container.php(763): Illuminate/Foundation/Application->resolve('db.schema', Array)
#15 C:/wamp64/www/pharmacy-desktop/pharmacy-desktop/backend/vendor/laravel/framework/src/Illuminate/Foundation/Application.php(1058): Illuminate/Container/Container->make('db.schema', Array)
#16 C:/wamp64/www/pharmacy-desktop/pharmacy-desktop/backend/vendor/laravel/framework/src/Illuminate/Container/Container.php(1580): Illuminate/Foundation/Application->make('db.schema')
#17 C:/wamp64/www/pharmacy-desktop/pharmacy-desktop/backend/vendor/laravel/framework/src/Illuminate/Support/Facades/Facade.php(242): Illuminate/Container/Container->offsetGet('db.schema')
#18 C:/wamp64/www/pharmacy-desktop/pharmacy-desktop/backend/vendor/laravel/framework/src/Illuminate/Support/Facades/Facade.php(210): Illuminate/Support/Facades/Facade::resolveFacadeInstance('db.schema')
#19 C:/wamp64/www/pharmacy-desktop/pharmacy-desktop/backend/vendor/laravel/framework/src/Illuminate/Support/Facades/Facade.php(355): Illuminate/Support/Facades/Facade::getFacadeRoot()
#20 C:/wamp64/www/pharmacy-desktop/pharmacy-desktop/backend/app/Providers/AppServiceProvider.php(25): Illuminate/Support/Facades/Facade::__callStatic('defaultStringLe...', Array)
#21 C:/wamp64/www/pharmacy-desktop/pharmacy-desktop/backend/vendor/laravel/framework/src/Illuminate/Container/BoundMethod.php(36): App/Providers/AppServiceProvider->boot()
#22 C:/wamp64/www/pharmacy-desktop/pharmacy-desktop/backend/vendor/laravel/framework/src/Illuminate/Container/Util.php(43): Illuminate/Container/BoundMethod::{closure:Illuminate/Container/BoundMethod::call():35}()
#23 C:/wamp64/www/pharmacy-desktop/pharmacy-desktop/backend/vendor/laravel/framework/src/Illuminate/Container/BoundMethod.php(95): Illuminate/Container/Util::unwrapIfClosure(Object(Closure))
#24 C:/wamp64/www/pharmacy-desktop/pharmacy-desktop/backend/vendor/laravel/framework/src/Illuminate/Container/BoundMethod.php(35): Illuminate/Container/BoundMethod::callBoundMethod(Object(Illuminate/Foundation/Application), Array, Object(Closure))
#25 C:/wamp64/www/pharmacy-desktop/pharmacy-desktop/backend/vendor/laravel/framework/src/Illuminate/Container/Container.php(696): Illuminate/Container/BoundMethod::call(Object(Illuminate/Foundation/Application), Array, Array, NULL)
#26 C:/wamp64/www/pharmacy-desktop/pharmacy-desktop/backend/vendor/laravel/framework/src/Illuminate/Foundation/Application.php(1151): Illuminate/Container/Container->call(Array)
#27 C:/wamp64/www/pharmacy-desktop/pharmacy-desktop/backend/vendor/laravel/framework/src/Illuminate/Foundation/Application.php(1132): Illuminate/Foundation/Application->bootProvider(Object(App/Providers/AppServiceProvider))
#28 [internal function]: Illuminate/Foundation/Application->{closure:Illuminate/Foundation/Application::boot():1131}(Object(App/Providers/AppServiceProvider), 'App//Providers//A...')
#29 C:/wamp64/www/pharmacy-desktop/pharmacy-desktop/backend/vendor/laravel/framework/src/Illuminate/Foundation/Application.php(1131): array_walk(Array, Object(Closure))
#30 C:/wamp64/www/pharmacy-desktop/pharmacy-desktop/backend/vendor/laravel/framework/src/Illuminate/Foundation/Bootstrap/BootProviders.php(17): Illuminate/Foundation/Application->boot()
#31 C:/wamp64/www/pharmacy-desktop/pharmacy-desktop/backend/vendor/laravel/framework/src/Illuminate/Foundation/Application.php(342): Illuminate/Foundation/Bootstrap/BootProviders->bootstrap(Object(Illuminate/Foundation/Application))
#32 C:/wamp64/www/pharmacy-desktop/pharmacy-desktop/backend/vendor/laravel/framework/src/Illuminate/Foundation/Console/Kernel.php(474): Illuminate/Foundation/Application->bootstrapWith(Array)
#33 C:/wamp64/www/pharmacy-desktop/pharmacy-desktop/backend/vendor/laravel/framework/src/Illuminate/Foundation/Console/Kernel.php(196): Illuminate/Foundation/Console/Kernel->bootstrap()
#34 C:/wamp64/www/pharmacy-desktop/pharmacy-desktop/backend/vendor/laravel/framework/src/Illuminate/Foundation/Application.php(1235): Illuminate/Foundation/Console/Kernel->handle(Object(Symfony/Component/Console/Input/ArgvInput), Object(Symfony/Component/Console/Output/ConsoleOutput))
#35 C:/wamp64/www/pharmacy-desktop/pharmacy-desktop/backend/artisan(13): Illuminate/Foundation/Application->handleCommand(Object(Symfony/Component/Console/Input/ArgvInput))
#36 {main}

[previous exception] [object] (PDOException(code: 0): could not find driver at C:/wamp64/www/pharmacy-desktop/pharmacy-desktop/backend/vendor/laravel/framework/src/Illuminate/Database/Connectors/Connector.php:67)
[stacktrace]
#0 C:/wamp64/www/pharmacy-desktop/pharmacy-desktop/backend/vendor/laravel/framework/src/Illuminate/Database/Connectors/Connector.php(67): PDO::connect('sqlite:C://wamp6...', NULL, Object(SensitiveParameterValue), Array)
#1 C:/wamp64/www/pharmacy-desktop/pharmacy-desktop/backend/vendor/laravel/framework/src/Illuminate/Database/Connectors/Connector.php(44): Illuminate/Database/Connectors/Connector->createPdoConnection('sqlite:C://wamp6...', NULL, Object(SensitiveParameterValue), Array)
#2 C:/wamp64/www/pharmacy-desktop/pharmacy-desktop/backend/vendor/laravel/framework/src/Illuminate/Database/Connectors/SQLiteConnector.php(40): Illuminate/Database/Connectors/Connector->createConnection('sqlite:C://wamp6...', Array, Array)
#3 C:/wamp64/www/pharmacy-desktop/pharmacy-desktop/backend/vendor/laravel/framework/src/Illuminate/Database/Connectors/ConnectionFactory.php(224): Illuminate/Database/Connectors/SQLiteConnector->connect(Array)
#4 [internal function]: Illuminate/Database/Connectors/ConnectionFactory->{closure:Illuminate/Database/Connectors/ConnectionFactory::createPdoResolverWithoutHosts():224}()
#5 C:/wamp64/www/pharmacy-desktop/pharmacy-desktop/backend/vendor/laravel/framework/src/Illuminate/Database/Connection.php(1231): call_user_func(Object(Closure))
#6 C:/wamp64/www/pharmacy-desktop/pharmacy-desktop/backend/vendor/laravel/framework/src/Illuminate/Database/Connection.php(565): Illuminate/Database/Connection->getPdo()
#7 C:/wamp64/www/pharmacy-desktop/pharmacy-desktop/backend/vendor/laravel/framework/src/Illuminate/Database/Connection.php(812): Illuminate/Database/Connection->{closure:Illuminate/Database/Connection::statement():560}('PRAGMA foreign_...', Array)
#8 C:/wamp64/www/pharmacy-desktop/pharmacy-desktop/backend/vendor/laravel/framework/src/Illuminate/Database/Connection.php(779): Illuminate/Database/Connection->runQueryCallback('PRAGMA foreign_...', Array, Object(Closure))
#9 C:/wamp64/www/pharmacy-desktop/pharmacy-desktop/backend/vendor/laravel/framework/src/Illuminate/Database/Connection.php(560): Illuminate/Database/Connection->run('PRAGMA foreign_...', Array, Object(Closure))
#10 C:/wamp64/www/pharmacy-desktop/pharmacy-desktop/backend/vendor/laravel/framework/src/Illuminate/Database/Schema/Builder.php(522): Illuminate/Database/Connection->statement('PRAGMA foreign_...')
#11 C:/wamp64/www/pharmacy-desktop/pharmacy-desktop/backend/vendor/laravel/framework/src/Illuminate/Database/SQLiteConnection.php(59): Illuminate/Database/Schema/Builder->enableForeignKeyConstraints()
#12 C:/wamp64/www/pharmacy-desktop/pharmacy-desktop/backend/vendor/laravel/framework/src/Illuminate/Database/SQLiteConnection.php(28): Illuminate/Database/SQLiteConnection->configureForeignKeyConstraints()
#13 C:/wamp64/www/pharmacy-desktop/pharmacy-desktop/backend/vendor/laravel/framework/src/Illuminate/Database/Connectors/ConnectionFactory.php(277): Illuminate/Database/SQLiteConnection->__construct(Object(Closure), '../data/databas...', '', Array)
#14 C:/wamp64/www/pharmacy-desktop/pharmacy-desktop/backend/vendor/laravel/framework/src/Illuminate/Database/Connectors/ConnectionFactory.php(76): Illuminate/Database/Connectors/ConnectionFactory->createConnection('sqlite', Object(Closure), '../data/databas...', '', Array)
#15 C:/wamp64/www/pharmacy-desktop/pharmacy-desktop/backend/vendor/laravel/framework/src/Illuminate/Database/Connectors/ConnectionFactory.php(51): Illuminate/Database/Connectors/ConnectionFactory->createSingleConnection(Array)
#16 C:/wamp64/www/pharmacy-desktop/pharmacy-desktop/backend/vendor/laravel/framework/src/Illuminate/Database/DatabaseManager.php(207): Illuminate/Database/Connectors/ConnectionFactory->make(Array, 'sqlite')
#17 C:/wamp64/www/pharmacy-desktop/pharmacy-desktop/backend/vendor/laravel/framework/src/Illuminate/Database/DatabaseManager.php(103): Illuminate/Database/DatabaseManager->makeConnection('sqlite')
#18 C:/wamp64/www/pharmacy-desktop/pharmacy-desktop/backend/vendor/laravel/framework/src/Illuminate/Database/DatabaseServiceProvider.php(74): Illuminate/Database/DatabaseManager->connection()
#19 C:/wamp64/www/pharmacy-desktop/pharmacy-desktop/backend/vendor/laravel/framework/src/Illuminate/Container/Container.php(952): Illuminate/Database/DatabaseServiceProvider->{closure:Illuminate/Database/DatabaseServiceProvider::registerConnectionServices():73}(Object(Illuminate/Foundation/Application), Array)
#20 C:/wamp64/www/pharmacy-desktop/pharmacy-desktop/backend/vendor/laravel/framework/src/Illuminate/Container/Container.php(832): Illuminate/Container/Container->build(Object(Closure))
#21 C:/wamp64/www/pharmacy-desktop/pharmacy-desktop/backend/vendor/laravel/framework/src/Illuminate/Foundation/Application.php(1078): Illuminate/Container/Container->resolve('db.schema', Array, true)
#22 C:/wamp64/www/pharmacy-desktop/pharmacy-desktop/backend/vendor/laravel/framework/src/Illuminate/Container/Container.php(763): Illuminate/Foundation/Application->resolve('db.schema', Array)
#23 C:/wamp64/www/pharmacy-desktop/pharmacy-desktop/backend/vendor/laravel/framework/src/Illuminate/Foundation/Application.php(1058): Illuminate/Container/Container->make('db.schema', Array)
#24 C:/wamp64/www/pharmacy-desktop/pharmacy-desktop/backend/vendor/laravel/framework/src/Illuminate/Container/Container.php(1580): Illuminate/Foundation/Application->make('db.schema')
#25 C:/wamp64/www/pharmacy-desktop/pharmacy-desktop/backend/vendor/laravel/framework/src/Illuminate/Support/Facades/Facade.php(242): Illuminate/Container/Container->offsetGet('db.schema')
#26 C:/wamp64/www/pharmacy-desktop/pharmacy-desktop/backend/vendor/laravel/framework/src/Illuminate/Support/Facades/Facade.php(210): Illuminate/Support/Facades/Facade::resolveFacadeInstance('db.schema')
#27 C:/wamp64/www/pharmacy-desktop/pharmacy-desktop/backend/vendor/laravel/framework/src/Illuminate/Support/Facades/Facade.php(355): Illuminate/Support/Facades/Facade::getFacadeRoot()
#28 C:/wamp64/www/pharmacy-desktop/pharmacy-desktop/backend/app/Providers/AppServiceProvider.php(25): Illuminate/Support/Facades/Facade::__callStatic('defaultStringLe...', Array)
#29 C:/wamp64/www/pharmacy-desktop/pharmacy-desktop/backend/vendor/laravel/framework/src/Illuminate/Container/BoundMethod.php(36): App/Providers/AppServiceProvider->boot()
#30 C:/wamp64/www/pharmacy-desktop/pharmacy-desktop/backend/vendor/laravel/framework/src/Illuminate/Container/Util.php(43): Illuminate/Container/BoundMethod::{closure:Illuminate/Container/BoundMethod::call():35}()
#31 C:/wamp64/www/pharmacy-desktop/pharmacy-desktop/backend/vendor/laravel/framework/src/Illuminate/Container/BoundMethod.php(95): Illuminate/Container/Util::unwrapIfClosure(Object(Closure))
#32 C:/wamp64/www/pharmacy-desktop/pharmacy-desktop/backend/vendor/laravel/framework/src/Illuminate/Container/BoundMethod.php(35): Illuminate/Container/BoundMethod::callBoundMethod(Object(Illuminate/Foundation/Application), Array, Object(Closure))
#33 C:/wamp64/www/pharmacy-desktop/pharmacy-desktop/backend/vendor/laravel/framework/src/Illuminate/Container/Container.php(696): Illuminate/Container/BoundMethod::call(Object(Illuminate/Foundation/Application), Array, Array, NULL)
#34 C:/wamp64/www/pharmacy-desktop/pharmacy-desktop/backend/vendor/laravel/framework/src/Illuminate/Foundation/Application.php(1151): Illuminate/Container/Container->call(Array)
#35 C:/wamp64/www/pharmacy-desktop/pharmacy-desktop/backend/vendor/laravel/framework/src/Illuminate/Foundation/Application.php(1132): Illuminate/Foundation/Application->bootProvider(Object(App/Providers/AppServiceProvider))
#36 [internal function]: Illuminate/Foundation/Application->{closure:Illuminate/Foundation/Application::boot():1131}(Object(App/Providers/AppServiceProvider), 'App//Providers//A...')
#37 C:/wamp64/www/pharmacy-desktop/pharmacy-desktop/backend/vendor/laravel/framework/src/Illuminate/Foundation/Application.php(1131): array_walk(Array, Object(Closure))
#38 C:/wamp64/www/pharmacy-desktop/pharmacy-desktop/backend/vendor/laravel/framework/src/Illuminate/Foundation/Bootstrap/BootProviders.php(17): Illuminate/Foundation/Application->boot()
#39 C:/wamp64/www/pharmacy-desktop/pharmacy-desktop/backend/vendor/laravel/framework/src/Illuminate/Foundation/Application.php(342): Illuminate/Foundation/Bootstrap/BootProviders->bootstrap(Object(Illuminate/Foundation/Application))
#40 C:/wamp64/www/pharmacy-desktop/pharmacy-desktop/backend/vendor/laravel/framework/src/Illuminate/Foundation/Console/Kernel.php(474): Illuminate/Foundation/Application->bootstrapWith(Array)
#41 C:/wamp64/www/pharmacy-desktop/pharmacy-desktop/backend/vendor/laravel/framework/src/Illuminate/Foundation/Console/Kernel.php(196): Illuminate/Foundation/Console/Kernel->bootstrap()
#42 C:/wamp64/www/pharmacy-desktop/pharmacy-desktop/backend/vendor/laravel/framework/src/Illuminate/Foundation/Application.php(1235): Illuminate/Foundation/Console/Kernel->handle(Object(Symfony/Component/Console/Input/ArgvInput), Object(Symfony/Component/Console/Output/ConsoleOutput))
#43 C:/wamp64/www/pharmacy-desktop/pharmacy-desktop/backend/artisan(13): Illuminate/Foundation/Application->handleCommand(Object(Symfony/Component/Console/Input/ArgvInput))
#44 {main}
"} 
[2026-05-06 05:27:31] production.ERROR: could not find driver (Connection: sqlite, SQL: PRAGMA foreign_keys = ON;) {"exception":"[object] (Illuminate\\Database\\QueryException(code: 0): could not find driver (Connection: sqlite, SQL: PRAGMA foreign_keys = ON;) at C:/wamp64/www/pharmacy-desktop/pharmacy-desktop/backend/vendor/laravel/framework/src/Illuminate/Database/Connection.php:825)
[stacktrace]
#0 C:/wamp64/www/pharmacy-desktop/pharmacy-desktop/backend/vendor/laravel/framework/src/Illuminate/Database/Connection.php(779): Illuminate/Database/Connection->runQueryCallback('PRAGMA foreign_...', Array, Object(Closure))
#1 C:/wamp64/www/pharmacy-desktop/pharmacy-desktop/backend/vendor/laravel/framework/src/Illuminate/Database/Connection.php(560): Illuminate/Database/Connection->run('PRAGMA foreign_...', Array, Object(Closure))
#2 C:/wamp64/www/pharmacy-desktop/pharmacy-desktop/backend/vendor/laravel/framework/src/Illuminate/Database/Schema/Builder.php(522): Illuminate/Database/Connection->statement('PRAGMA foreign_...')
#3 C:/wamp64/www/pharmacy-desktop/pharmacy-desktop/backend/vendor/laravel/framework/src/Illuminate/Database/SQLiteConnection.php(59): Illuminate/Database/Schema/Builder->enableForeignKeyConstraints()
#4 C:/wamp64/www/pharmacy-desktop/pharmacy-desktop/backend/vendor/laravel/framework/src/Illuminate/Database/SQLiteConnection.php(28): Illuminate/Database/SQLiteConnection->configureForeignKeyConstraints()
#5 C:/wamp64/www/pharmacy-desktop/pharmacy-desktop/backend/vendor/laravel/framework/src/Illuminate/Database/Connectors/ConnectionFactory.php(277): Illuminate/Database/SQLiteConnection->__construct(Object(Closure), '../data/databas...', '', Array)
#6 C:/wamp64/www/pharmacy-desktop/pharmacy-desktop/backend/vendor/laravel/framework/src/Illuminate/Database/Connectors/ConnectionFactory.php(76): Illuminate/Database/Connectors/ConnectionFactory->createConnection('sqlite', Object(Closure), '../data/databas...', '', Array)
#7 C:/wamp64/www/pharmacy-desktop/pharmacy-desktop/backend/vendor/laravel/framework/src/Illuminate/Database/Connectors/ConnectionFactory.php(51): Illuminate/Database/Connectors/ConnectionFactory->createSingleConnection(Array)
#8 C:/wamp64/www/pharmacy-desktop/pharmacy-desktop/backend/vendor/laravel/framework/src/Illuminate/Database/DatabaseManager.php(207): Illuminate/Database/Connectors/ConnectionFactory->make(Array, 'sqlite')
#9 C:/wamp64/www/pharmacy-desktop/pharmacy-desktop/backend/vendor/laravel/framework/src/Illuminate/Database/DatabaseManager.php(103): Illuminate/Database/DatabaseManager->makeConnection('sqlite')
#10 C:/wamp64/www/pharmacy-desktop/pharmacy-desktop/backend/vendor/laravel/framework/src/Illuminate/Database/DatabaseServiceProvider.php(74): Illuminate/Database/DatabaseManager->connection()
#11 C:/wamp64/www/pharmacy-desktop/pharmacy-desktop/backend/vendor/laravel/framework/src/Illuminate/Container/Container.php(952): Illuminate/Database/DatabaseServiceProvider->{closure:Illuminate/Database/DatabaseServiceProvider::registerConnectionServices():73}(Object(Illuminate/Foundation/Application), Array)
#12 C:/wamp64/www/pharmacy-desktop/pharmacy-desktop/backend/vendor/laravel/framework/src/Illuminate/Container/Container.php(832): Illuminate/Container/Container->build(Object(Closure))
#13 C:/wamp64/www/pharmacy-desktop/pharmacy-desktop/backend/vendor/laravel/framework/src/Illuminate/Foundation/Application.php(1078): Illuminate/Container/Container->resolve('db.schema', Array, true)
#14 C:/wamp64/www/pharmacy-desktop/pharmacy-desktop/backend/vendor/laravel/framework/src/Illuminate/Container/Container.php(763): Illuminate/Foundation/Application->resolve('db.schema', Array)
#15 C:/wamp64/www/pharmacy-desktop/pharmacy-desktop/backend/vendor/laravel/framework/src/Illuminate/Foundation/Application.php(1058): Illuminate/Container/Container->make('db.schema', Array)
#16 C:/wamp64/www/pharmacy-desktop/pharmacy-desktop/backend/vendor/laravel/framework/src/Illuminate/Container/Container.php(1580): Illuminate/Foundation/Application->make('db.schema')
#17 C:/wamp64/www/pharmacy-desktop/pharmacy-desktop/backend/vendor/laravel/framework/src/Illuminate/Support/Facades/Facade.php(242): Illuminate/Container/Container->offsetGet('db.schema')
#18 C:/wamp64/www/pharmacy-desktop/pharmacy-desktop/backend/vendor/laravel/framework/src/Illuminate/Support/Facades/Facade.php(210): Illuminate/Support/Facades/Facade::resolveFacadeInstance('db.schema')
#19 C:/wamp64/www/pharmacy-desktop/pharmacy-desktop/backend/vendor/laravel/framework/src/Illuminate/Support/Facades/Facade.php(355): Illuminate/Support/Facades/Facade::getFacadeRoot()
#20 C:/wamp64/www/pharmacy-desktop/pharmacy-desktop/backend/app/Providers/AppServiceProvider.php(25): Illuminate/Support/Facades/Facade::__callStatic('defaultStringLe...', Array)
#21 C:/wamp64/www/pharmacy-desktop/pharmacy-desktop/backend/vendor/laravel/framework/src/Illuminate/Container/BoundMethod.php(36): App/Providers/AppServiceProvider->boot()
#22 C:/wamp64/www/pharmacy-desktop/pharmacy-desktop/backend/vendor/laravel/framework/src/Illuminate/Container/Util.php(43): Illuminate/Container/BoundMethod::{closure:Illuminate/Container/BoundMethod::call():35}()
#23 C:/wamp64/www/pharmacy-desktop/pharmacy-desktop/backend/vendor/laravel/framework/src/Illuminate/Container/BoundMethod.php(95): Illuminate/Container/Util::unwrapIfClosure(Object(Closure))
#24 C:/wamp64/www/pharmacy-desktop/pharmacy-desktop/backend/vendor/laravel/framework/src/Illuminate/Container/BoundMethod.php(35): Illuminate/Container/BoundMethod::callBoundMethod(Object(Illuminate/Foundation/Application), Array, Object(Closure))
#25 C:/wamp64/www/pharmacy-desktop/pharmacy-desktop/backend/vendor/laravel/framework/src/Illuminate/Container/Container.php(696): Illuminate/Container/BoundMethod::call(Object(Illuminate/Foundation/Application), Array, Array, NULL)
#26 C:/wamp64/www/pharmacy-desktop/pharmacy-desktop/backend/vendor/laravel/framework/src/Illuminate/Foundation/Application.php(1151): Illuminate/Container/Container->call(Array)
#27 C:/wamp64/www/pharmacy-desktop/pharmacy-desktop/backend/vendor/laravel/framework/src/Illuminate/Foundation/Application.php(1132): Illuminate/Foundation/Application->bootProvider(Object(App/Providers/AppServiceProvider))
#28 [internal function]: Illuminate/Foundation/Application->{closure:Illuminate/Foundation/Application::boot():1131}(Object(App/Providers/AppServiceProvider), 'App//Providers//A...')
#29 C:/wamp64/www/pharmacy-desktop/pharmacy-desktop/backend/vendor/laravel/framework/src/Illuminate/Foundation/Application.php(1131): array_walk(Array, Object(Closure))
#30 C:/wamp64/www/pharmacy-desktop/pharmacy-desktop/backend/vendor/laravel/framework/src/Illuminate/Foundation/Bootstrap/BootProviders.php(17): Illuminate/Foundation/Application->boot()
#31 C:/wamp64/www/pharmacy-desktop/pharmacy-desktop/backend/vendor/laravel/framework/src/Illuminate/Foundation/Application.php(342): Illuminate/Foundation/Bootstrap/BootProviders->bootstrap(Object(Illuminate/Foundation/Application))
#32 C:/wamp64/www/pharmacy-desktop/pharmacy-desktop/backend/vendor/laravel/framework/src/Illuminate/Foundation/Console/Kernel.php(474): Illuminate/Foundation/Application->bootstrapWith(Array)
#33 C:/wamp64/www/pharmacy-desktop/pharmacy-desktop/backend/vendor/laravel/framework/src/Illuminate/Foundation/Console/Kernel.php(196): Illuminate/Foundation/Console/Kernel->bootstrap()
#34 C:/wamp64/www/pharmacy-desktop/pharmacy-desktop/backend/vendor/laravel/framework/src/Illuminate/Foundation/Application.php(1235): Illuminate/Foundation/Console/Kernel->handle(Object(Symfony/Component/Console/Input/ArgvInput), Object(Symfony/Component/Console/Output/ConsoleOutput))
#35 C:/wamp64/www/pharmacy-desktop/pharmacy-desktop/backend/artisan(13): Illuminate/Foundation/Application->handleCommand(Object(Symfony/Component/Console/Input/ArgvInput))
#36 {main}

[previous exception] [object] (PDOException(code: 0): could not find driver at C:/wamp64/www/pharmacy-desktop/pharmacy-desktop/backend/vendor/laravel/framework/src/Illuminate/Database/Connectors/Connector.php:67)
[stacktrace]
#0 C:/wamp64/www/pharmacy-desktop/pharmacy-desktop/backend/vendor/laravel/framework/src/Illuminate/Database/Connectors/Connector.php(67): PDO::connect('sqlite:C://wamp6...', NULL, Object(SensitiveParameterValue), Array)
#1 C:/wamp64/www/pharmacy-desktop/pharmacy-desktop/backend/vendor/laravel/framework/src/Illuminate/Database/Connectors/Connector.php(44): Illuminate/Database/Connectors/Connector->createPdoConnection('sqlite:C://wamp6...', NULL, Object(SensitiveParameterValue), Array)
#2 C:/wamp64/www/pharmacy-desktop/pharmacy-desktop/backend/vendor/laravel/framework/src/Illuminate/Database/Connectors/SQLiteConnector.php(40): Illuminate/Database/Connectors/Connector->createConnection('sqlite:C://wamp6...', Array, Array)
#3 C:/wamp64/www/pharmacy-desktop/pharmacy-desktop/backend/vendor/laravel/framework/src/Illuminate/Database/Connectors/ConnectionFactory.php(224): Illuminate/Database/Connectors/SQLiteConnector->connect(Array)
#4 [internal function]: Illuminate/Database/Connectors/ConnectionFactory->{closure:Illuminate/Database/Connectors/ConnectionFactory::createPdoResolverWithoutHosts():224}()
#5 C:/wamp64/www/pharmacy-desktop/pharmacy-desktop/backend/vendor/laravel/framework/src/Illuminate/Database/Connection.php(1231): call_user_func(Object(Closure))
#6 C:/wamp64/www/pharmacy-desktop/pharmacy-desktop/backend/vendor/laravel/framework/src/Illuminate/Database/Connection.php(565): Illuminate/Database/Connection->getPdo()
#7 C:/wamp64/www/pharmacy-desktop/pharmacy-desktop/backend/vendor/laravel/framework/src/Illuminate/Database/Connection.php(812): Illuminate/Database/Connection->{closure:Illuminate/Database/Connection::statement():560}('PRAGMA foreign_...', Array)
#8 C:/wamp64/www/pharmacy-desktop/pharmacy-desktop/backend/vendor/laravel/framework/src/Illuminate/Database/Connection.php(779): Illuminate/Database/Connection->runQueryCallback('PRAGMA foreign_...', Array, Object(Closure))
#9 C:/wamp64/www/pharmacy-desktop/pharmacy-desktop/backend/vendor/laravel/framework/src/Illuminate/Database/Connection.php(560): Illuminate/Database/Connection->run('PRAGMA foreign_...', Array, Object(Closure))
#10 C:/wamp64/www/pharmacy-desktop/pharmacy-desktop/backend/vendor/laravel/framework/src/Illuminate/Database/Schema/Builder.php(522): Illuminate/Database/Connection->statement('PRAGMA foreign_...')
#11 C:/wamp64/www/pharmacy-desktop/pharmacy-desktop/backend/vendor/laravel/framework/src/Illuminate/Database/SQLiteConnection.php(59): Illuminate/Database/Schema/Builder->enableForeignKeyConstraints()
#12 C:/wamp64/www/pharmacy-desktop/pharmacy-desktop/backend/vendor/laravel/framework/src/Illuminate/Database/SQLiteConnection.php(28): Illuminate/Database/SQLiteConnection->configureForeignKeyConstraints()
#13 C:/wamp64/www/pharmacy-desktop/pharmacy-desktop/backend/vendor/laravel/framework/src/Illuminate/Database/Connectors/ConnectionFactory.php(277): Illuminate/Database/SQLiteConnection->__construct(Object(Closure), '../data/databas...', '', Array)
#14 C:/wamp64/www/pharmacy-desktop/pharmacy-desktop/backend/vendor/laravel/framework/src/Illuminate/Database/Connectors/ConnectionFactory.php(76): Illuminate/Database/Connectors/ConnectionFactory->createConnection('sqlite', Object(Closure), '../data/databas...', '', Array)
#15 C:/wamp64/www/pharmacy-desktop/pharmacy-desktop/backend/vendor/laravel/framework/src/Illuminate/Database/Connectors/ConnectionFactory.php(51): Illuminate/Database/Connectors/ConnectionFactory->createSingleConnection(Array)
#16 C:/wamp64/www/pharmacy-desktop/pharmacy-desktop/backend/vendor/laravel/framework/src/Illuminate/Database/DatabaseManager.php(207): Illuminate/Database/Connectors/ConnectionFactory->make(Array, 'sqlite')
#17 C:/wamp64/www/pharmacy-desktop/pharmacy-desktop/backend/vendor/laravel/framework/src/Illuminate/Database/DatabaseManager.php(103): Illuminate/Database/DatabaseManager->makeConnection('sqlite')
#18 C:/wamp64/www/pharmacy-desktop/pharmacy-desktop/backend/vendor/laravel/framework/src/Illuminate/Database/DatabaseServiceProvider.php(74): Illuminate/Database/DatabaseManager->connection()
#19 C:/wamp64/www/pharmacy-desktop/pharmacy-desktop/backend/vendor/laravel/framework/src/Illuminate/Container/Container.php(952): Illuminate/Database/DatabaseServiceProvider->{closure:Illuminate/Database/DatabaseServiceProvider::registerConnectionServices():73}(Object(Illuminate/Foundation/Application), Array)
#20 C:/wamp64/www/pharmacy-desktop/pharmacy-desktop/backend/vendor/laravel/framework/src/Illuminate/Container/Container.php(832): Illuminate/Container/Container->build(Object(Closure))
#21 C:/wamp64/www/pharmacy-desktop/pharmacy-desktop/backend/vendor/laravel/framework/src/Illuminate/Foundation/Application.php(1078): Illuminate/Container/Container->resolve('db.schema', Array, true)
#22 C:/wamp64/www/pharmacy-desktop/pharmacy-desktop/backend/vendor/laravel/framework/src/Illuminate/Container/Container.php(763): Illuminate/Foundation/Application->resolve('db.schema', Array)
#23 C:/wamp64/www/pharmacy-desktop/pharmacy-desktop/backend/vendor/laravel/framework/src/Illuminate/Foundation/Application.php(1058): Illuminate/Container/Container->make('db.schema', Array)
#24 C:/wamp64/www/pharmacy-desktop/pharmacy-desktop/backend/vendor/laravel/framework/src/Illuminate/Container/Container.php(1580): Illuminate/Foundation/Application->make('db.schema')
#25 C:/wamp64/www/pharmacy-desktop/pharmacy-desktop/backend/vendor/laravel/framework/src/Illuminate/Support/Facades/Facade.php(242): Illuminate/Container/Container->offsetGet('db.schema')
#26 C:/wamp64/www/pharmacy-desktop/pharmacy-desktop/backend/vendor/laravel/framework/src/Illuminate/Support/Facades/Facade.php(210): Illuminate/Support/Facades/Facade::resolveFacadeInstance('db.schema')
#27 C:/wamp64/www/pharmacy-desktop/pharmacy-desktop/backend/vendor/laravel/framework/src/Illuminate/Support/Facades/Facade.php(355): Illuminate/Support/Facades/Facade::getFacadeRoot()
#28 C:/wamp64/www/pharmacy-desktop/pharmacy-desktop/backend/app/Providers/AppServiceProvider.php(25): Illuminate/Support/Facades/Facade::__callStatic('defaultStringLe...', Array)
#29 C:/wamp64/www/pharmacy-desktop/pharmacy-desktop/backend/vendor/laravel/framework/src/Illuminate/Container/BoundMethod.php(36): App/Providers/AppServiceProvider->boot()
#30 C:/wamp64/www/pharmacy-desktop/pharmacy-desktop/backend/vendor/laravel/framework/src/Illuminate/Container/Util.php(43): Illuminate/Container/BoundMethod::{closure:Illuminate/Container/BoundMethod::call():35}()
#31 C:/wamp64/www/pharmacy-desktop/pharmacy-desktop/backend/vendor/laravel/framework/src/Illuminate/Container/BoundMethod.php(95): Illuminate/Container/Util::unwrapIfClosure(Object(Closure))
#32 C:/wamp64/www/pharmacy-desktop/pharmacy-desktop/backend/vendor/laravel/framework/src/Illuminate/Container/BoundMethod.php(35): Illuminate/Container/BoundMethod::callBoundMethod(Object(Illuminate/Foundation/Application), Array, Object(Closure))
#33 C:/wamp64/www/pharmacy-desktop/pharmacy-desktop/backend/vendor/laravel/framework/src/Illuminate/Container/Container.php(696): Illuminate/Container/BoundMethod::call(Object(Illuminate/Foundation/Application), Array, Array, NULL)
#34 C:/wamp64/www/pharmacy-desktop/pharmacy-desktop/backend/vendor/laravel/framework/src/Illuminate/Foundation/Application.php(1151): Illuminate/Container/Container->call(Array)
#35 C:/wamp64/www/pharmacy-desktop/pharmacy-desktop/backend/vendor/laravel/framework/src/Illuminate/Foundation/Application.php(1132): Illuminate/Foundation/Application->bootProvider(Object(App/Providers/AppServiceProvider))
#36 [internal function]: Illuminate/Foundation/Application->{closure:Illuminate/Foundation/Application::boot():1131}(Object(App/Providers/AppServiceProvider), 'App//Providers//A...')
#37 C:/wamp64/www/pharmacy-desktop/pharmacy-desktop/backend/vendor/laravel/framework/src/Illuminate/Foundation/Application.php(1131): array_walk(Array, Object(Closure))
#38 C:/wamp64/www/pharmacy-desktop/pharmacy-desktop/backend/vendor/laravel/framework/src/Illuminate/Foundation/Bootstrap/BootProviders.php(17): Illuminate/Foundation/Application->boot()
#39 C:/wamp64/www/pharmacy-desktop/pharmacy-desktop/backend/vendor/laravel/framework/src/Illuminate/Foundation/Application.php(342): Illuminate/Foundation/Bootstrap/BootProviders->bootstrap(Object(Illuminate/Foundation/Application))
#40 C:/wamp64/www/pharmacy-desktop/pharmacy-desktop/backend/vendor/laravel/framework/src/Illuminate/Foundation/Console/Kernel.php(474): Illuminate/Foundation/Application->bootstrapWith(Array)
#41 C:/wamp64/www/pharmacy-desktop/pharmacy-desktop/backend/vendor/laravel/framework/src/Illuminate/Foundation/Console/Kernel.php(196): Illuminate/Foundation/Console/Kernel->bootstrap()
#42 C:/wamp64/www/pharmacy-desktop/pharmacy-desktop/backend/vendor/laravel/framework/src/Illuminate/Foundation/Application.php(1235): Illuminate/Foundation/Console/Kernel->handle(Object(Symfony/Component/Console/Input/ArgvInput), Object(Symfony/Component/Console/Output/ConsoleOutput))
#43 C:/wamp64/www/pharmacy-desktop/pharmacy-desktop/backend/artisan(13): Illuminate/Foundation/Application->handleCommand(Object(Symfony/Component/Console/Input/ArgvInput))
#44 {main}
"} 
[2026-05-06 05:27:48] production.ERROR: SQLSTATE[HY000]: General error: 1 no such table: benefits_report (Connection: sqlite, SQL: select * from "benefits_report") {"userId":1,"exception":"[object] (Illuminate\\Database\\QueryException(code: HY000): SQLSTATE[HY000]: General error: 1 no such table: benefits_report (Connection: sqlite, SQL: select * from \"benefits_report\") at C:/wamp64/www/pharmacy-desktop/pharmacy-desktop/backend/vendor/laravel/framework/src/Illuminate/Database/Connection.php:825)
[stacktrace]
#0 C:/wamp64/www/pharmacy-desktop/pharmacy-desktop/backend/vendor/laravel/framework/src/Illuminate/Database/Connection.php(779): Illuminate/Database/Connection->runQueryCallback('select * from \"...', Array, Object(Closure))
#1 C:/wamp64/www/pharmacy-desktop/pharmacy-desktop/backend/vendor/laravel/framework/src/Illuminate/Database/Connection.php(398): Illuminate/Database/Connection->run('select * from \"...', Array, Object(Closure))
#2 C:/wamp64/www/pharmacy-desktop/pharmacy-desktop/backend/vendor/laravel/framework/src/Illuminate/Database/Query/Builder.php(3106): Illuminate/Database/Connection->select('select * from \"...', Array, true)
#3 C:/wamp64/www/pharmacy-desktop/pharmacy-desktop/backend/vendor/laravel/framework/src/Illuminate/Database/Query/Builder.php(3091): Illuminate/Database/Query/Builder->runSelect()
#4 C:/wamp64/www/pharmacy-desktop/pharmacy-desktop/backend/vendor/laravel/framework/src/Illuminate/Database/Query/Builder.php(3676): Illuminate/Database/Query/Builder->{closure:Illuminate/Database/Query/Builder::get():3090}()
#5 C:/wamp64/www/pharmacy-desktop/pharmacy-desktop/backend/vendor/laravel/framework/src/Illuminate/Database/Query/Builder.php(3090): Illuminate/Database/Query/Builder->onceWithColumns(Array, Object(Closure))
#6 C:/wamp64/www/pharmacy-desktop/pharmacy-desktop/backend/app/Http/Controllers/BenefitController.php(29): Illuminate/Database/Query/Builder->get()
#7 C:/wamp64/www/pharmacy-desktop/pharmacy-desktop/backend/vendor/laravel/framework/src/Illuminate/Routing/Controller.php(54): App/Http/Controllers/BenefitController->index(Object(Illuminate/Http/Request))
#8 C:/wamp64/www/pharmacy-desktop/pharmacy-desktop/backend/vendor/laravel/framework/src/Illuminate/Routing/ControllerDispatcher.php(44): Illuminate/Routing/Controller->callAction('index', Array)
#9 C:/wamp64/www/pharmacy-desktop/pharmacy-desktop/backend/vendor/laravel/framework/src/Illuminate/Routing/Route.php(266): Illuminate/Routing/ControllerDispatcher->dispatch(Object(Illuminate/Routing/Route), Object(App/Http/Controllers/BenefitController), 'index')
#10 C:/wamp64/www/pharmacy-desktop/pharmacy-desktop/backend/vendor/laravel/framework/src/Illuminate/Routing/Route.php(212): Illuminate/Routing/Route->runController()
#11 C:/wamp64/www/pharmacy-desktop/pharmacy-desktop/backend/vendor/laravel/framework/src/Illuminate/Routing/Router.php(808): Illuminate/Routing/Route->run()
#12 C:/wamp64/www/pharmacy-desktop/pharmacy-desktop/backend/vendor/laravel/framework/src/Illuminate/Pipeline/Pipeline.php(170): Illuminate/Routing/Router->{closure:Illuminate/Routing/Router::runRouteWithinStack():807}(Object(Illuminate/Http/Request))
#13 C:/wamp64/www/pharmacy-desktop/pharmacy-desktop/backend/vendor/laravel/framework/src/Illuminate/Auth/Middleware/Authorize.php(60): Illuminate/Pipeline/Pipeline->{closure:Illuminate/Pipeline/Pipeline::prepareDestination():168}(Object(Illuminate/Http/Request))
#14 C:/wamp64/www/pharmacy-desktop/pharmacy-desktop/backend/vendor/laravel/framework/src/Illuminate/Pipeline/Pipeline.php(209): Illuminate/Auth/Middleware/Authorize->handle(Object(Illuminate/Http/Request), Object(Closure), 'view-benefits')
#15 C:/wamp64/www/pharmacy-desktop/pharmacy-desktop/backend/vendor/laravel/framework/src/Illuminate/Routing/Middleware/SubstituteBindings.php(51): Illuminate/Pipeline/Pipeline->{closure:{closure:Illuminate/Pipeline/Pipeline::carry():184}:185}(Object(Illuminate/Http/Request))
#16 C:/wamp64/www/pharmacy-desktop/pharmacy-desktop/backend/vendor/laravel/framework/src/Illuminate/Pipeline/Pipeline.php(209): Illuminate/Routing/Middleware/SubstituteBindings->handle(Object(Illuminate/Http/Request), Object(Closure))
#17 C:/wamp64/www/pharmacy-desktop/pharmacy-desktop/backend/vendor/laravel/framework/src/Illuminate/Auth/Middleware/Authenticate.php(64): Illuminate/Pipeline/Pipeline->{closure:{closure:Illuminate/Pipeline/Pipeline::carry():184}:185}(Object(Illuminate/Http/Request))
#18 C:/wamp64/www/pharmacy-desktop/pharmacy-desktop/backend/vendor/laravel/framework/src/Illuminate/Pipeline/Pipeline.php(209): Illuminate/Auth/Middleware/Authenticate->handle(Object(Illuminate/Http/Request), Object(Closure), 'sanctum')
#19 C:/wamp64/www/pharmacy-desktop/pharmacy-desktop/backend/vendor/laravel/framework/src/Illuminate/Pipeline/Pipeline.php(127): Illuminate/Pipeline/Pipeline->{closure:{closure:Illuminate/Pipeline/Pipeline::carry():184}:185}(Object(Illuminate/Http/Request))
#20 C:/wamp64/www/pharmacy-desktop/pharmacy-desktop/backend/vendor/laravel/framework/src/Illuminate/Routing/Router.php(807): Illuminate/Pipeline/Pipeline->then(Object(Closure))
#21 C:/wamp64/www/pharmacy-desktop/pharmacy-desktop/backend/vendor/laravel/framework/src/Illuminate/Routing/Router.php(786): Illuminate/Routing/Router->runRouteWithinStack(Object(Illuminate/Routing/Route), Object(Illuminate/Http/Request))
#22 C:/wamp64/www/pharmacy-desktop/pharmacy-desktop/backend/vendor/laravel/framework/src/Illuminate/Routing/Router.php(750): Illuminate/Routing/Router->runRoute(Object(Illuminate/Http/Request), Object(Illuminate/Routing/Route))
#23 C:/wamp64/www/pharmacy-desktop/pharmacy-desktop/backend/vendor/laravel/framework/src/Illuminate/Routing/Router.php(739): Illuminate/Routing/Router->dispatchToRoute(Object(Illuminate/Http/Request))
#24 C:/wamp64/www/pharmacy-desktop/pharmacy-desktop/backend/vendor/laravel/framework/src/Illuminate/Foundation/Http/Kernel.php(201): Illuminate/Routing/Router->dispatch(Object(Illuminate/Http/Request))
#25 C:/wamp64/www/pharmacy-desktop/pharmacy-desktop/backend/vendor/laravel/framework/src/Illuminate/Pipeline/Pipeline.php(170): Illuminate/Foundation/Http/Kernel->{closure:Illuminate/Foundation/Http/Kernel::dispatchToRouter():198}(Object(Illuminate/Http/Request))
#26 C:/wamp64/www/pharmacy-desktop/pharmacy-desktop/backend/vendor/laravel/framework/src/Illuminate/Foundation/Http/Middleware/TransformsRequest.php(21): Illuminate/Pipeline/Pipeline->{closure:Illuminate/Pipeline/Pipeline::prepareDestination():168}(Object(Illuminate/Http/Request))
#27 C:/wamp64/www/pharmacy-desktop/pharmacy-desktop/backend/vendor/laravel/framework/src/Illuminate/Foundation/Http/Middleware/ConvertEmptyStringsToNull.php(31): Illuminate/Foundation/Http/Middleware/TransformsRequest->handle(Object(Illuminate/Http/Request), Object(Closure))
#28 C:/wamp64/www/pharmacy-desktop/pharmacy-desktop/backend/vendor/laravel/framework/src/Illuminate/Pipeline/Pipeline.php(209): Illuminate/Foundation/Http/Middleware/ConvertEmptyStringsToNull->handle(Object(Illuminate/Http/Request), Object(Closure))
#29 C:/wamp64/www/pharmacy-desktop/pharmacy-desktop/backend/vendor/laravel/framework/src/Illuminate/Foundation/Http/Middleware/TransformsRequest.php(21): Illuminate/Pipeline/Pipeline->{closure:{closure:Illuminate/Pipeline/Pipeline::carry():184}:185}(Object(Illuminate/Http/Request))
#30 C:/wamp64/www/pharmacy-desktop/pharmacy-desktop/backend/vendor/laravel/framework/src/Illuminate/Foundation/Http/Middleware/TrimStrings.php(51): Illuminate/Foundation/Http/Middleware/TransformsRequest->handle(Object(Illuminate/Http/Request), Object(Closure))
#31 C:/wamp64/www/pharmacy-desktop/pharmacy-desktop/backend/vendor/laravel/framework/src/Illuminate/Pipeline/Pipeline.php(209): Illuminate/Foundation/Http/Middleware/TrimStrings->handle(Object(Illuminate/Http/Request), Object(Closure))
#32 C:/wamp64/www/pharmacy-desktop/pharmacy-desktop/backend/vendor/laravel/framework/src/Illuminate/Http/Middleware/ValidatePostSize.php(27): Illuminate/Pipeline/Pipeline->{closure:{closure:Illuminate/Pipeline/Pipeline::carry():184}:185}(Object(Illuminate/Http/Request))
#33 C:/wamp64/www/pharmacy-desktop/pharmacy-desktop/backend/vendor/laravel/framework/src/Illuminate/Pipeline/Pipeline.php(209): Illuminate/Http/Middleware/ValidatePostSize->handle(Object(Illuminate/Http/Request), Object(Closure))
#34 C:/wamp64/www/pharmacy-desktop/pharmacy-desktop/backend/vendor/laravel/framework/src/Illuminate/Foundation/Http/Middleware/PreventRequestsDuringMaintenance.php(110): Illuminate/Pipeline/Pipeline->{closure:{closure:Illuminate/Pipeline/Pipeline::carry():184}:185}(Object(Illuminate/Http/Request))
#35 C:/wamp64/www/pharmacy-desktop/pharmacy-desktop/backend/vendor/laravel/framework/src/Illuminate/Pipeline/Pipeline.php(209): Illuminate/Foundation/Http/Middleware/PreventRequestsDuringMaintenance->handle(Object(Illuminate/Http/Request), Object(Closure))
#36 C:/wamp64/www/pharmacy-desktop/pharmacy-desktop/backend/vendor/laravel/framework/src/Illuminate/Http/Middleware/HandleCors.php(62): Illuminate/Pipeline/Pipeline->{closure:{closure:Illuminate/Pipeline/Pipeline::carry():184}:185}(Object(Illuminate/Http/Request))
#37 C:/wamp64/www/pharmacy-desktop/pharmacy-desktop/backend/vendor/laravel/framework/src/Illuminate/Pipeline/Pipeline.php(209): Illuminate/Http/Middleware/HandleCors->handle(Object(Illuminate/Http/Request), Object(Closure))
#38 C:/wamp64/www/pharmacy-desktop/pharmacy-desktop/backend/vendor/laravel/framework/src/Illuminate/Http/Middleware/TrustProxies.php(58): Illuminate/Pipeline/Pipeline->{closure:{closure:Illuminate/Pipeline/Pipeline::carry():184}:185}(Object(Illuminate/Http/Request))
#39 C:/wamp64/www/pharmacy-desktop/pharmacy-desktop/backend/vendor/laravel/framework/src/Illuminate/Pipeline/Pipeline.php(209): Illuminate/Http/Middleware/TrustProxies->handle(Object(Illuminate/Http/Request), Object(Closure))
#40 C:/wamp64/www/pharmacy-desktop/pharmacy-desktop/backend/vendor/laravel/framework/src/Illuminate/Foundation/Http/Middleware/InvokeDeferredCallbacks.php(22): Illuminate/Pipeline/Pipeline->{closure:{closure:Illuminate/Pipeline/Pipeline::carry():184}:185}(Object(Illuminate/Http/Request))
#41 C:/wamp64/www/pharmacy-desktop/pharmacy-desktop/backend/vendor/laravel/framework/src/Illuminate/Pipeline/Pipeline.php(209): Illuminate/Foundation/Http/Middleware/InvokeDeferredCallbacks->handle(Object(Illuminate/Http/Request), Object(Closure))
#42 C:/wamp64/www/pharmacy-desktop/pharmacy-desktop/backend/vendor/laravel/framework/src/Illuminate/Pipeline/Pipeline.php(127): Illuminate/Pipeline/Pipeline->{closure:{closure:Illuminate/Pipeline/Pipeline::carry():184}:185}(Object(Illuminate/Http/Request))
#43 C:/wamp64/www/pharmacy-desktop/pharmacy-desktop/backend/vendor/laravel/framework/src/Illuminate/Foundation/Http/Kernel.php(176): Illuminate/Pipeline/Pipeline->then(Object(Closure))
#44 C:/wamp64/www/pharmacy-desktop/pharmacy-desktop/backend/vendor/laravel/framework/src/Illuminate/Foundation/Http/Kernel.php(145): Illuminate/Foundation/Http/Kernel->sendRequestThroughRouter(Object(Illuminate/Http/Request))
#45 C:/wamp64/www/pharmacy-desktop/pharmacy-desktop/backend/public/index.php(14): Illuminate/Foundation/Http/Kernel->handle(Object(Illuminate/Http/Request))
#46 C:/wamp64/www/pharmacy-desktop/pharmacy-desktop/backend/vendor/laravel/framework/src/Illuminate/Foundation/resources/server.php(23): require_once('C://wamp64//www//p...')
#47 {main}

[previous exception] [object] (PDOException(code: HY000): SQLSTATE[HY000]: General error: 1 no such table: benefits_report at C:/wamp64/www/pharmacy-desktop/pharmacy-desktop/backend/vendor/laravel/framework/src/Illuminate/Database/Connection.php:407)
[stacktrace]
#0 C:/wamp64/www/pharmacy-desktop/pharmacy-desktop/backend/vendor/laravel/framework/src/Illuminate/Database/Connection.php(407): PDO->prepare('select * from \"...')
#1 C:/wamp64/www/pharmacy-desktop/pharmacy-desktop/backend/vendor/laravel/framework/src/Illuminate/Database/Connection.php(812): Illuminate/Database/Connection->{closure:Illuminate/Database/Connection::select():398}('select * from \"...', Array)
#2 C:/wamp64/www/pharmacy-desktop/pharmacy-desktop/backend/vendor/laravel/framework/src/Illuminate/Database/Connection.php(779): Illuminate/Database/Connection->runQueryCallback('select * from \"...', Array, Object(Closure))
#3 C:/wamp64/www/pharmacy-desktop/pharmacy-desktop/backend/vendor/laravel/framework/src/Illuminate/Database/Connection.php(398): Illuminate/Database/Connection->run('select * from \"...', Array, Object(Closure))
#4 C:/wamp64/www/pharmacy-desktop/pharmacy-desktop/backend/vendor/laravel/framework/src/Illuminate/Database/Query/Builder.php(3106): Illuminate/Database/Connection->select('select * from \"...', Array, true)
#5 C:/wamp64/www/pharmacy-desktop/pharmacy-desktop/backend/vendor/laravel/framework/src/Illuminate/Database/Query/Builder.php(3091): Illuminate/Database/Query/Builder->runSelect()
#6 C:/wamp64/www/pharmacy-desktop/pharmacy-desktop/backend/vendor/laravel/framework/src/Illuminate/Database/Query/Builder.php(3676): Illuminate/Database/Query/Builder->{closure:Illuminate/Database/Query/Builder::get():3090}()
#7 C:/wamp64/www/pharmacy-desktop/pharmacy-desktop/backend/vendor/laravel/framework/src/Illuminate/Database/Query/Builder.php(3090): Illuminate/Database/Query/Builder->onceWithColumns(Array, Object(Closure))
#8 C:/wamp64/www/pharmacy-desktop/pharmacy-desktop/backend/app/Http/Controllers/BenefitController.php(29): Illuminate/Database/Query/Builder->get()
#9 C:/wamp64/www/pharmacy-desktop/pharmacy-desktop/backend/vendor/laravel/framework/src/Illuminate/Routing/Controller.php(54): App/Http/Controllers/BenefitController->index(Object(Illuminate/Http/Request))
#10 C:/wamp64/www/pharmacy-desktop/pharmacy-desktop/backend/vendor/laravel/framework/src/Illuminate/Routing/ControllerDispatcher.php(44): Illuminate/Routing/Controller->callAction('index', Array)
#11 C:/wamp64/www/pharmacy-desktop/pharmacy-desktop/backend/vendor/laravel/framework/src/Illuminate/Routing/Route.php(266): Illuminate/Routing/ControllerDispatcher->dispatch(Object(Illuminate/Routing/Route), Object(App/Http/Controllers/BenefitController), 'index')
#12 C:/wamp64/www/pharmacy-desktop/pharmacy-desktop/backend/vendor/laravel/framework/src/Illuminate/Routing/Route.php(212): Illuminate/Routing/Route->runController()
#13 C:/wamp64/www/pharmacy-desktop/pharmacy-desktop/backend/vendor/laravel/framework/src/Illuminate/Routing/Router.php(808): Illuminate/Routing/Route->run()
#14 C:/wamp64/www/pharmacy-desktop/pharmacy-desktop/backend/vendor/laravel/framework/src/Illuminate/Pipeline/Pipeline.php(170): Illuminate/Routing/Router->{closure:Illuminate/Routing/Router::runRouteWithinStack():807}(Object(Illuminate/Http/Request))
#15 C:/wamp64/www/pharmacy-desktop/pharmacy-desktop/backend/vendor/laravel/framework/src/Illuminate/Auth/Middleware/Authorize.php(60): Illuminate/Pipeline/Pipeline->{closure:Illuminate/Pipeline/Pipeline::prepareDestination():168}(Object(Illuminate/Http/Request))
#16 C:/wamp64/www/pharmacy-desktop/pharmacy-desktop/backend/vendor/laravel/framework/src/Illuminate/Pipeline/Pipeline.php(209): Illuminate/Auth/Middleware/Authorize->handle(Object(Illuminate/Http/Request), Object(Closure), 'view-benefits')
#17 C:/wamp64/www/pharmacy-desktop/pharmacy-desktop/backend/vendor/laravel/framework/src/Illuminate/Routing/Middleware/SubstituteBindings.php(51): Illuminate/Pipeline/Pipeline->{closure:{closure:Illuminate/Pipeline/Pipeline::carry():184}:185}(Object(Illuminate/Http/Request))
#18 C:/wamp64/www/pharmacy-desktop/pharmacy-desktop/backend/vendor/laravel/framework/src/Illuminate/Pipeline/Pipeline.php(209): Illuminate/Routing/Middleware/SubstituteBindings->handle(Object(Illuminate/Http/Request), Object(Closure))
#19 C:/wamp64/www/pharmacy-desktop/pharmacy-desktop/backend/vendor/laravel/framework/src/Illuminate/Auth/Middleware/Authenticate.php(64): Illuminate/Pipeline/Pipeline->{closure:{closure:Illuminate/Pipeline/Pipeline::carry():184}:185}(Object(Illuminate/Http/Request))
#20 C:/wamp64/www/pharmacy-desktop/pharmacy-desktop/backend/vendor/laravel/framework/src/Illuminate/Pipeline/Pipeline.php(209): Illuminate/Auth/Middleware/Authenticate->handle(Object(Illuminate/Http/Request), Object(Closure), 'sanctum')
#21 C:/wamp64/www/pharmacy-desktop/pharmacy-desktop/backend/vendor/laravel/framework/src/Illuminate/Pipeline/Pipeline.php(127): Illuminate/Pipeline/Pipeline->{closure:{closure:Illuminate/Pipeline/Pipeline::carry():184}:185}(Object(Illuminate/Http/Request))
#22 C:/wamp64/www/pharmacy-desktop/pharmacy-desktop/backend/vendor/laravel/framework/src/Illuminate/Routing/Router.php(807): Illuminate/Pipeline/Pipeline->then(Object(Closure))
#23 C:/wamp64/www/pharmacy-desktop/pharmacy-desktop/backend/vendor/laravel/framework/src/Illuminate/Routing/Router.php(786): Illuminate/Routing/Router->runRouteWithinStack(Object(Illuminate/Routing/Route), Object(Illuminate/Http/Request))
#24 C:/wamp64/www/pharmacy-desktop/pharmacy-desktop/backend/vendor/laravel/framework/src/Illuminate/Routing/Router.php(750): Illuminate/Routing/Router->runRoute(Object(Illuminate/Http/Request), Object(Illuminate/Routing/Route))
#25 C:/wamp64/www/pharmacy-desktop/pharmacy-desktop/backend/vendor/laravel/framework/src/Illuminate/Routing/Router.php(739): Illuminate/Routing/Router->dispatchToRoute(Object(Illuminate/Http/Request))
#26 C:/wamp64/www/pharmacy-desktop/pharmacy-desktop/backend/vendor/laravel/framework/src/Illuminate/Foundation/Http/Kernel.php(201): Illuminate/Routing/Router->dispatch(Object(Illuminate/Http/Request))
#27 C:/wamp64/www/pharmacy-desktop/pharmacy-desktop/backend/vendor/laravel/framework/src/Illuminate/Pipeline/Pipeline.php(170): Illuminate/Foundation/Http/Kernel->{closure:Illuminate/Foundation/Http/Kernel::dispatchToRouter():198}(Object(Illuminate/Http/Request))
#28 C:/wamp64/www/pharmacy-desktop/pharmacy-desktop/backend/vendor/laravel/framework/src/Illuminate/Foundation/Http/Middleware/TransformsRequest.php(21): Illuminate/Pipeline/Pipeline->{closure:Illuminate/Pipeline/Pipeline::prepareDestination():168}(Object(Illuminate/Http/Request))
#29 C:/wamp64/www/pharmacy-desktop/pharmacy-desktop/backend/vendor/laravel/framework/src/Illuminate/Foundation/Http/Middleware/ConvertEmptyStringsToNull.php(31): Illuminate/Foundation/Http/Middleware/TransformsRequest->handle(Object(Illuminate/Http/Request), Object(Closure))
#30 C:/wamp64/www/pharmacy-desktop/pharmacy-desktop/backend/vendor/laravel/framework/src/Illuminate/Pipeline/Pipeline.php(209): Illuminate/Foundation/Http/Middleware/ConvertEmptyStringsToNull->handle(Object(Illuminate/Http/Request), Object(Closure))
#31 C:/wamp64/www/pharmacy-desktop/pharmacy-desktop/backend/vendor/laravel/framework/src/Illuminate/Foundation/Http/Middleware/TransformsRequest.php(21): Illuminate/Pipeline/Pipeline->{closure:{closure:Illuminate/Pipeline/Pipeline::carry():184}:185}(Object(Illuminate/Http/Request))
#32 C:/wamp64/www/pharmacy-desktop/pharmacy-desktop/backend/vendor/laravel/framework/src/Illuminate/Foundation/Http/Middleware/TrimStrings.php(51): Illuminate/Foundation/Http/Middleware/TransformsRequest->handle(Object(Illuminate/Http/Request), Object(Closure))
#33 C:/wamp64/www/pharmacy-desktop/pharmacy-desktop/backend/vendor/laravel/framework/src/Illuminate/Pipeline/Pipeline.php(209): Illuminate/Foundation/Http/Middleware/TrimStrings->handle(Object(Illuminate/Http/Request), Object(Closure))
#34 C:/wamp64/www/pharmacy-desktop/pharmacy-desktop/backend/vendor/laravel/framework/src/Illuminate/Http/Middleware/ValidatePostSize.php(27): Illuminate/Pipeline/Pipeline->{closure:{closure:Illuminate/Pipeline/Pipeline::carry():184}:185}(Object(Illuminate/Http/Request))
#35 C:/wamp64/www/pharmacy-desktop/pharmacy-desktop/backend/vendor/laravel/framework/src/Illuminate/Pipeline/Pipeline.php(209): Illuminate/Http/Middleware/ValidatePostSize->handle(Object(Illuminate/Http/Request), Object(Closure))
#36 C:/wamp64/www/pharmacy-desktop/pharmacy-desktop/backend/vendor/laravel/framework/src/Illuminate/Foundation/Http/Middleware/PreventRequestsDuringMaintenance.php(110): Illuminate/Pipeline/Pipeline->{closure:{closure:Illuminate/Pipeline/Pipeline::carry():184}:185}(Object(Illuminate/Http/Request))
#37 C:/wamp64/www/pharmacy-desktop/pharmacy-desktop/backend/vendor/laravel/framework/src/Illuminate/Pipeline/Pipeline.php(209): Illuminate/Foundation/Http/Middleware/PreventRequestsDuringMaintenance->handle(Object(Illuminate/Http/Request), Object(Closure))
#38 C:/wamp64/www/pharmacy-desktop/pharmacy-desktop/backend/vendor/laravel/framework/src/Illuminate/Http/Middleware/HandleCors.php(62): Illuminate/Pipeline/Pipeline->{closure:{closure:Illuminate/Pipeline/Pipeline::carry():184}:185}(Object(Illuminate/Http/Request))
#39 C:/wamp64/www/pharmacy-desktop/pharmacy-desktop/backend/vendor/laravel/framework/src/Illuminate/Pipeline/Pipeline.php(209): Illuminate/Http/Middleware/HandleCors->handle(Object(Illuminate/Http/Request), Object(Closure))
#40 C:/wamp64/www/pharmacy-desktop/pharmacy-desktop/backend/vendor/laravel/framework/src/Illuminate/Http/Middleware/TrustProxies.php(58): Illuminate/Pipeline/Pipeline->{closure:{closure:Illuminate/Pipeline/Pipeline::carry():184}:185}(Object(Illuminate/Http/Request))
#41 C:/wamp64/www/pharmacy-desktop/pharmacy-desktop/backend/vendor/laravel/framework/src/Illuminate/Pipeline/Pipeline.php(209): Illuminate/Http/Middleware/TrustProxies->handle(Object(Illuminate/Http/Request), Object(Closure))
#42 C:/wamp64/www/pharmacy-desktop/pharmacy-desktop/backend/vendor/laravel/framework/src/Illuminate/Foundation/Http/Middleware/InvokeDeferredCallbacks.php(22): Illuminate/Pipeline/Pipeline->{closure:{closure:Illuminate/Pipeline/Pipeline::carry():184}:185}(Object(Illuminate/Http/Request))
#43 C:/wamp64/www/pharmacy-desktop/pharmacy-desktop/backend/vendor/laravel/framework/src/Illuminate/Pipeline/Pipeline.php(209): Illuminate/Foundation/Http/Middleware/InvokeDeferredCallbacks->handle(Object(Illuminate/Http/Request), Object(Closure))
#44 C:/wamp64/www/pharmacy-desktop/pharmacy-desktop/backend/vendor/laravel/framework/src/Illuminate/Pipeline/Pipeline.php(127): Illuminate/Pipeline/Pipeline->{closure:{closure:Illuminate/Pipeline/Pipeline::carry():184}:185}(Object(Illuminate/Http/Request))
#45 C:/wamp64/www/pharmacy-desktop/pharmacy-desktop/backend/vendor/laravel/framework/src/Illuminate/Foundation/Http/Kernel.php(176): Illuminate/Pipeline/Pipeline->then(Object(Closure))
#46 C:/wamp64/www/pharmacy-desktop/pharmacy-desktop/backend/vendor/laravel/framework/src/Illuminate/Foundation/Http/Kernel.php(145): Illuminate/Foundation/Http/Kernel->sendRequestThroughRouter(Object(Illuminate/Http/Request))
#47 C:/wamp64/www/pharmacy-desktop/pharmacy-desktop/backend/public/index.php(14): Illuminate/Foundation/Http/Kernel->handle(Object(Illuminate/Http/Request))
#48 C:/wamp64/www/pharmacy-desktop/pharmacy-desktop/backend/vendor/laravel/framework/src/Illuminate/Foundation/resources/server.php(23): require_once('C://wamp64//www//p...')
#49 {main}
"} 
[2026-05-06 05:27:49] production.ERROR: SQLSTATE[HY000]: General error: 1 no such table: view_sales_summary (Connection: sqlite, SQL: select 
                DATE(journal_date) as date,
                SUM(amount) as total
             from "view_sales_summary" group by "date" order by "date" asc) {"exception":"[object] (Illuminate\\Database\\QueryException(code: HY000): SQLSTATE[HY000]: General error: 1 no such table: view_sales_summary (Connection: sqlite, SQL: select 
                DATE(journal_date) as date,
                SUM(amount) as total
             from \"view_sales_summary\" group by \"date\" order by \"date\" asc) at C:/wamp64/www/pharmacy-desktop/pharmacy-desktop/backend/vendor/laravel/framework/src/Illuminate/Database/Connection.php:825)
[stacktrace]
#0 C:/wamp64/www/pharmacy-desktop/pharmacy-desktop/backend/vendor/laravel/framework/src/Illuminate/Database/Connection.php(779): Illuminate/Database/Connection->runQueryCallback('select /n       ...', Array, Object(Closure))
#1 C:/wamp64/www/pharmacy-desktop/pharmacy-desktop/backend/vendor/laravel/framework/src/Illuminate/Database/Connection.php(398): Illuminate/Database/Connection->run('select /n       ...', Array, Object(Closure))
#2 C:/wamp64/www/pharmacy-desktop/pharmacy-desktop/backend/vendor/laravel/framework/src/Illuminate/Database/Query/Builder.php(3106): Illuminate/Database/Connection->select('select /n       ...', Array, true)
#3 C:/wamp64/www/pharmacy-desktop/pharmacy-desktop/backend/vendor/laravel/framework/src/Illuminate/Database/Query/Builder.php(3091): Illuminate/Database/Query/Builder->runSelect()
#4 C:/wamp64/www/pharmacy-desktop/pharmacy-desktop/backend/vendor/laravel/framework/src/Illuminate/Database/Query/Builder.php(3676): Illuminate/Database/Query/Builder->{closure:Illuminate/Database/Query/Builder::get():3090}()
#5 C:/wamp64/www/pharmacy-desktop/pharmacy-desktop/backend/vendor/laravel/framework/src/Illuminate/Database/Query/Builder.php(3090): Illuminate/Database/Query/Builder->onceWithColumns(Array, Object(Closure))
#6 C:/wamp64/www/pharmacy-desktop/pharmacy-desktop/backend/vendor/laravel/framework/src/Illuminate/Database/Eloquent/Builder.php(811): Illuminate/Database/Query/Builder->get(Array)
#7 C:/wamp64/www/pharmacy-desktop/pharmacy-desktop/backend/vendor/laravel/framework/src/Illuminate/Database/Eloquent/Builder.php(793): Illuminate/Database/Eloquent/Builder->getModels(Array)
#8 C:/wamp64/www/pharmacy-desktop/pharmacy-desktop/backend/app/Http/Controllers/SalesController.php(299): Illuminate/Database/Eloquent/Builder->get()
#9 C:/wamp64/www/pharmacy-desktop/pharmacy-desktop/backend/vendor/laravel/framework/src/Illuminate/Routing/Controller.php(54): App/Http/Controllers/SalesController->chart()
#10 C:/wamp64/www/pharmacy-desktop/pharmacy-desktop/backend/vendor/laravel/framework/src/Illuminate/Routing/ControllerDispatcher.php(44): Illuminate/Routing/Controller->callAction('chart', Array)
#11 C:/wamp64/www/pharmacy-desktop/pharmacy-desktop/backend/vendor/laravel/framework/src/Illuminate/Routing/Route.php(266): Illuminate/Routing/ControllerDispatcher->dispatch(Object(Illuminate/Routing/Route), Object(App/Http/Controllers/SalesController), 'chart')
#12 C:/wamp64/www/pharmacy-desktop/pharmacy-desktop/backend/vendor/laravel/framework/src/Illuminate/Routing/Route.php(212): Illuminate/Routing/Route->runController()
#13 C:/wamp64/www/pharmacy-desktop/pharmacy-desktop/backend/vendor/laravel/framework/src/Illuminate/Routing/Router.php(808): Illuminate/Routing/Route->run()
#14 C:/wamp64/www/pharmacy-desktop/pharmacy-desktop/backend/vendor/laravel/framework/src/Illuminate/Pipeline/Pipeline.php(170): Illuminate/Routing/Router->{closure:Illuminate/Routing/Router::runRouteWithinStack():807}(Object(Illuminate/Http/Request))
#15 C:/wamp64/www/pharmacy-desktop/pharmacy-desktop/backend/vendor/laravel/framework/src/Illuminate/Routing/Middleware/SubstituteBindings.php(51): Illuminate/Pipeline/Pipeline->{closure:Illuminate/Pipeline/Pipeline::prepareDestination():168}(Object(Illuminate/Http/Request))
#16 C:/wamp64/www/pharmacy-desktop/pharmacy-desktop/backend/vendor/laravel/framework/src/Illuminate/Pipeline/Pipeline.php(209): Illuminate/Routing/Middleware/SubstituteBindings->handle(Object(Illuminate/Http/Request), Object(Closure))
#17 C:/wamp64/www/pharmacy-desktop/pharmacy-desktop/backend/vendor/laravel/framework/src/Illuminate/Pipeline/Pipeline.php(127): Illuminate/Pipeline/Pipeline->{closure:{closure:Illuminate/Pipeline/Pipeline::carry():184}:185}(Object(Illuminate/Http/Request))
#18 C:/wamp64/www/pharmacy-desktop/pharmacy-desktop/backend/vendor/laravel/framework/src/Illuminate/Routing/Router.php(807): Illuminate/Pipeline/Pipeline->then(Object(Closure))
#19 C:/wamp64/www/pharmacy-desktop/pharmacy-desktop/backend/vendor/laravel/framework/src/Illuminate/Routing/Router.php(786): Illuminate/Routing/Router->runRouteWithinStack(Object(Illuminate/Routing/Route), Object(Illuminate/Http/Request))
#20 C:/wamp64/www/pharmacy-desktop/pharmacy-desktop/backend/vendor/laravel/framework/src/Illuminate/Routing/Router.php(750): Illuminate/Routing/Router->runRoute(Object(Illuminate/Http/Request), Object(Illuminate/Routing/Route))
#21 C:/wamp64/www/pharmacy-desktop/pharmacy-desktop/backend/vendor/laravel/framework/src/Illuminate/Routing/Router.php(739): Illuminate/Routing/Router->dispatchToRoute(Object(Illuminate/Http/Request))
#22 C:/wamp64/www/pharmacy-desktop/pharmacy-desktop/backend/vendor/laravel/framework/src/Illuminate/Foundation/Http/Kernel.php(201): Illuminate/Routing/Router->dispatch(Object(Illuminate/Http/Request))
#23 C:/wamp64/www/pharmacy-desktop/pharmacy-desktop/backend/vendor/laravel/framework/src/Illuminate/Pipeline/Pipeline.php(170): Illuminate/Foundation/Http/Kernel->{closure:Illuminate/Foundation/Http/Kernel::dispatchToRouter():198}(Object(Illuminate/Http/Request))
#24 C:/wamp64/www/pharmacy-desktop/pharmacy-desktop/backend/vendor/laravel/framework/src/Illuminate/Foundation/Http/Middleware/TransformsRequest.php(21): Illuminate/Pipeline/Pipeline->{closure:Illuminate/Pipeline/Pipeline::prepareDestination():168}(Object(Illuminate/Http/Request))
#25 C:/wamp64/www/pharmacy-desktop/pharmacy-desktop/backend/vendor/laravel/framework/src/Illuminate/Foundation/Http/Middleware/ConvertEmptyStringsToNull.php(31): Illuminate/Foundation/Http/Middleware/TransformsRequest->handle(Object(Illuminate/Http/Request), Object(Closure))
#26 C:/wamp64/www/pharmacy-desktop/pharmacy-desktop/backend/vendor/laravel/framework/src/Illuminate/Pipeline/Pipeline.php(209): Illuminate/Foundation/Http/Middleware/ConvertEmptyStringsToNull->handle(Object(Illuminate/Http/Request), Object(Closure))
#27 C:/wamp64/www/pharmacy-desktop/pharmacy-desktop/backend/vendor/laravel/framework/src/Illuminate/Foundation/Http/Middleware/TransformsRequest.php(21): Illuminate/Pipeline/Pipeline->{closure:{closure:Illuminate/Pipeline/Pipeline::carry():184}:185}(Object(Illuminate/Http/Request))
#28 C:/wamp64/www/pharmacy-desktop/pharmacy-desktop/backend/vendor/laravel/framework/src/Illuminate/Foundation/Http/Middleware/TrimStrings.php(51): Illuminate/Foundation/Http/Middleware/TransformsRequest->handle(Object(Illuminate/Http/Request), Object(Closure))
#29 C:/wamp64/www/pharmacy-desktop/pharmacy-desktop/backend/vendor/laravel/framework/src/Illuminate/Pipeline/Pipeline.php(209): Illuminate/Foundation/Http/Middleware/TrimStrings->handle(Object(Illuminate/Http/Request), Object(Closure))
#30 C:/wamp64/www/pharmacy-desktop/pharmacy-desktop/backend/vendor/laravel/framework/src/Illuminate/Http/Middleware/ValidatePostSize.php(27): Illuminate/Pipeline/Pipeline->{closure:{closure:Illuminate/Pipeline/Pipeline::carry():184}:185}(Object(Illuminate/Http/Request))
#31 C:/wamp64/www/pharmacy-desktop/pharmacy-desktop/backend/vendor/laravel/framework/src/Illuminate/Pipeline/Pipeline.php(209): Illuminate/Http/Middleware/ValidatePostSize->handle(Object(Illuminate/Http/Request), Object(Closure))
#32 C:/wamp64/www/pharmacy-desktop/pharmacy-desktop/backend/vendor/laravel/framework/src/Illuminate/Foundation/Http/Middleware/PreventRequestsDuringMaintenance.php(110): Illuminate/Pipeline/Pipeline->{closure:{closure:Illuminate/Pipeline/Pipeline::carry():184}:185}(Object(Illuminate/Http/Request))
#33 C:/wamp64/www/pharmacy-desktop/pharmacy-desktop/backend/vendor/laravel/framework/src/Illuminate/Pipeline/Pipeline.php(209): Illuminate/Foundation/Http/Middleware/PreventRequestsDuringMaintenance->handle(Object(Illuminate/Http/Request), Object(Closure))
#34 C:/wamp64/www/pharmacy-desktop/pharmacy-desktop/backend/vendor/laravel/framework/src/Illuminate/Http/Middleware/HandleCors.php(62): Illuminate/Pipeline/Pipeline->{closure:{closure:Illuminate/Pipeline/Pipeline::carry():184}:185}(Object(Illuminate/Http/Request))
#35 C:/wamp64/www/pharmacy-desktop/pharmacy-desktop/backend/vendor/laravel/framework/src/Illuminate/Pipeline/Pipeline.php(209): Illuminate/Http/Middleware/HandleCors->handle(Object(Illuminate/Http/Request), Object(Closure))
#36 C:/wamp64/www/pharmacy-desktop/pharmacy-desktop/backend/vendor/laravel/framework/src/Illuminate/Http/Middleware/TrustProxies.php(58): Illuminate/Pipeline/Pipeline->{closure:{closure:Illuminate/Pipeline/Pipeline::carry():184}:185}(Object(Illuminate/Http/Request))
#37 C:/wamp64/www/pharmacy-desktop/pharmacy-desktop/backend/vendor/laravel/framework/src/Illuminate/Pipeline/Pipeline.php(209): Illuminate/Http/Middleware/TrustProxies->handle(Object(Illuminate/Http/Request), Object(Closure))
#38 C:/wamp64/www/pharmacy-desktop/pharmacy-desktop/backend/vendor/laravel/framework/src/Illuminate/Foundation/Http/Middleware/InvokeDeferredCallbacks.php(22): Illuminate/Pipeline/Pipeline->{closure:{closure:Illuminate/Pipeline/Pipeline::carry():184}:185}(Object(Illuminate/Http/Request))
#39 C:/wamp64/www/pharmacy-desktop/pharmacy-desktop/backend/vendor/laravel/framework/src/Illuminate/Pipeline/Pipeline.php(209): Illuminate/Foundation/Http/Middleware/InvokeDeferredCallbacks->handle(Object(Illuminate/Http/Request), Object(Closure))
#40 C:/wamp64/www/pharmacy-desktop/pharmacy-desktop/backend/vendor/laravel/framework/src/Illuminate/Pipeline/Pipeline.php(127): Illuminate/Pipeline/Pipeline->{closure:{closure:Illuminate/Pipeline/Pipeline::carry():184}:185}(Object(Illuminate/Http/Request))
#41 C:/wamp64/www/pharmacy-desktop/pharmacy-desktop/backend/vendor/laravel/framework/src/Illuminate/Foundation/Http/Kernel.php(176): Illuminate/Pipeline/Pipeline->then(Object(Closure))
#42 C:/wamp64/www/pharmacy-desktop/pharmacy-desktop/backend/vendor/laravel/framework/src/Illuminate/Foundation/Http/Kernel.php(145): Illuminate/Foundation/Http/Kernel->sendRequestThroughRouter(Object(Illuminate/Http/Request))
#43 C:/wamp64/www/pharmacy-desktop/pharmacy-desktop/backend/public/index.php(14): Illuminate/Foundation/Http/Kernel->handle(Object(Illuminate/Http/Request))
#44 C:/wamp64/www/pharmacy-desktop/pharmacy-desktop/backend/vendor/laravel/framework/src/Illuminate/Foundation/resources/server.php(23): require_once('C://wamp64//www//p...')
#45 {main}

[previous exception] [object] (PDOException(code: HY000): SQLSTATE[HY000]: General error: 1 no such table: view_sales_summary at C:/wamp64/www/pharmacy-desktop/pharmacy-desktop/backend/vendor/laravel/framework/src/Illuminate/Database/Connection.php:407)
[stacktrace]
#0 C:/wamp64/www/pharmacy-desktop/pharmacy-desktop/backend/vendor/laravel/framework/src/Illuminate/Database/Connection.php(407): PDO->prepare('select /n       ...')
#1 C:/wamp64/www/pharmacy-desktop/pharmacy-desktop/backend/vendor/laravel/framework/src/Illuminate/Database/Connection.php(812): Illuminate/Database/Connection->{closure:Illuminate/Database/Connection::select():398}('select /n       ...', Array)
#2 C:/wamp64/www/pharmacy-desktop/pharmacy-desktop/backend/vendor/laravel/framework/src/Illuminate/Database/Connection.php(779): Illuminate/Database/Connection->runQueryCallback('select /n       ...', Array, Object(Closure))
#3 C:/wamp64/www/pharmacy-desktop/pharmacy-desktop/backend/vendor/laravel/framework/src/Illuminate/Database/Connection.php(398): Illuminate/Database/Connection->run('select /n       ...', Array, Object(Closure))
#4 C:/wamp64/www/pharmacy-desktop/pharmacy-desktop/backend/vendor/laravel/framework/src/Illuminate/Database/Query/Builder.php(3106): Illuminate/Database/Connection->select('select /n       ...', Array, true)
#5 C:/wamp64/www/pharmacy-desktop/pharmacy-desktop/backend/vendor/laravel/framework/src/Illuminate/Database/Query/Builder.php(3091): Illuminate/Database/Query/Builder->runSelect()
#6 C:/wamp64/www/pharmacy-desktop/pharmacy-desktop/backend/vendor/laravel/framework/src/Illuminate/Database/Query/Builder.php(3676): Illuminate/Database/Query/Builder->{closure:Illuminate/Database/Query/Builder::get():3090}()
#7 C:/wamp64/www/pharmacy-desktop/pharmacy-desktop/backend/vendor/laravel/framework/src/Illuminate/Database/Query/Builder.php(3090): Illuminate/Database/Query/Builder->onceWithColumns(Array, Object(Closure))
#8 C:/wamp64/www/pharmacy-desktop/pharmacy-desktop/backend/vendor/laravel/framework/src/Illuminate/Database/Eloquent/Builder.php(811): Illuminate/Database/Query/Builder->get(Array)
#9 C:/wamp64/www/pharmacy-desktop/pharmacy-desktop/backend/vendor/laravel/framework/src/Illuminate/Database/Eloquent/Builder.php(793): Illuminate/Database/Eloquent/Builder->getModels(Array)
#10 C:/wamp64/www/pharmacy-desktop/pharmacy-desktop/backend/app/Http/Controllers/SalesController.php(299): Illuminate/Database/Eloquent/Builder->get()
#11 C:/wamp64/www/pharmacy-desktop/pharmacy-desktop/backend/vendor/laravel/framework/src/Illuminate/Routing/Controller.php(54): App/Http/Controllers/SalesController->chart()
#12 C:/wamp64/www/pharmacy-desktop/pharmacy-desktop/backend/vendor/laravel/framework/src/Illuminate/Routing/ControllerDispatcher.php(44): Illuminate/Routing/Controller->callAction('chart', Array)
#13 C:/wamp64/www/pharmacy-desktop/pharmacy-desktop/backend/vendor/laravel/framework/src/Illuminate/Routing/Route.php(266): Illuminate/Routing/ControllerDispatcher->dispatch(Object(Illuminate/Routing/Route), Object(App/Http/Controllers/SalesController), 'chart')
#14 C:/wamp64/www/pharmacy-desktop/pharmacy-desktop/backend/vendor/laravel/framework/src/Illuminate/Routing/Route.php(212): Illuminate/Routing/Route->runController()
#15 C:/wamp64/www/pharmacy-desktop/pharmacy-desktop/backend/vendor/laravel/framework/src/Illuminate/Routing/Router.php(808): Illuminate/Routing/Route->run()
#16 C:/wamp64/www/pharmacy-desktop/pharmacy-desktop/backend/vendor/laravel/framework/src/Illuminate/Pipeline/Pipeline.php(170): Illuminate/Routing/Router->{closure:Illuminate/Routing/Router::runRouteWithinStack():807}(Object(Illuminate/Http/Request))
#17 C:/wamp64/www/pharmacy-desktop/pharmacy-desktop/backend/vendor/laravel/framework/src/Illuminate/Routing/Middleware/SubstituteBindings.php(51): Illuminate/Pipeline/Pipeline->{closure:Illuminate/Pipeline/Pipeline::prepareDestination():168}(Object(Illuminate/Http/Request))
#18 C:/wamp64/www/pharmacy-desktop/pharmacy-desktop/backend/vendor/laravel/framework/src/Illuminate/Pipeline/Pipeline.php(209): Illuminate/Routing/Middleware/SubstituteBindings->handle(Object(Illuminate/Http/Request), Object(Closure))
#19 C:/wamp64/www/pharmacy-desktop/pharmacy-desktop/backend/vendor/laravel/framework/src/Illuminate/Pipeline/Pipeline.php(127): Illuminate/Pipeline/Pipeline->{closure:{closure:Illuminate/Pipeline/Pipeline::carry():184}:185}(Object(Illuminate/Http/Request))
#20 C:/wamp64/www/pharmacy-desktop/pharmacy-desktop/backend/vendor/laravel/framework/src/Illuminate/Routing/Router.php(807): Illuminate/Pipeline/Pipeline->then(Object(Closure))
#21 C:/wamp64/www/pharmacy-desktop/pharmacy-desktop/backend/vendor/laravel/framework/src/Illuminate/Routing/Router.php(786): Illuminate/Routing/Router->runRouteWithinStack(Object(Illuminate/Routing/Route), Object(Illuminate/Http/Request))
#22 C:/wamp64/www/pharmacy-desktop/pharmacy-desktop/backend/vendor/laravel/framework/src/Illuminate/Routing/Router.php(750): Illuminate/Routing/Router->runRoute(Object(Illuminate/Http/Request), Object(Illuminate/Routing/Route))
#23 C:/wamp64/www/pharmacy-desktop/pharmacy-desktop/backend/vendor/laravel/framework/src/Illuminate/Routing/Router.php(739): Illuminate/Routing/Router->dispatchToRoute(Object(Illuminate/Http/Request))
#24 C:/wamp64/www/pharmacy-desktop/pharmacy-desktop/backend/vendor/laravel/framework/src/Illuminate/Foundation/Http/Kernel.php(201): Illuminate/Routing/Router->dispatch(Object(Illuminate/Http/Request))
#25 C:/wamp64/www/pharmacy-desktop/pharmacy-desktop/backend/vendor/laravel/framework/src/Illuminate/Pipeline/Pipeline.php(170): Illuminate/Foundation/Http/Kernel->{closure:Illuminate/Foundation/Http/Kernel::dispatchToRouter():198}(Object(Illuminate/Http/Request))
#26 C:/wamp64/www/pharmacy-desktop/pharmacy-desktop/backend/vendor/laravel/framework/src/Illuminate/Foundation/Http/Middleware/TransformsRequest.php(21): Illuminate/Pipeline/Pipeline->{closure:Illuminate/Pipeline/Pipeline::prepareDestination():168}(Object(Illuminate/Http/Request))
#27 C:/wamp64/www/pharmacy-desktop/pharmacy-desktop/backend/vendor/laravel/framework/src/Illuminate/Foundation/Http/Middleware/ConvertEmptyStringsToNull.php(31): Illuminate/Foundation/Http/Middleware/TransformsRequest->handle(Object(Illuminate/Http/Request), Object(Closure))
#28 C:/wamp64/www/pharmacy-desktop/pharmacy-desktop/backend/vendor/laravel/framework/src/Illuminate/Pipeline/Pipeline.php(209): Illuminate/Foundation/Http/Middleware/ConvertEmptyStringsToNull->handle(Object(Illuminate/Http/Request), Object(Closure))
#29 C:/wamp64/www/pharmacy-desktop/pharmacy-desktop/backend/vendor/laravel/framework/src/Illuminate/Foundation/Http/Middleware/TransformsRequest.php(21): Illuminate/Pipeline/Pipeline->{closure:{closure:Illuminate/Pipeline/Pipeline::carry():184}:185}(Object(Illuminate/Http/Request))
#30 C:/wamp64/www/pharmacy-desktop/pharmacy-desktop/backend/vendor/laravel/framework/src/Illuminate/Foundation/Http/Middleware/TrimStrings.php(51): Illuminate/Foundation/Http/Middleware/TransformsRequest->handle(Object(Illuminate/Http/Request), Object(Closure))
#31 C:/wamp64/www/pharmacy-desktop/pharmacy-desktop/backend/vendor/laravel/framework/src/Illuminate/Pipeline/Pipeline.php(209): Illuminate/Foundation/Http/Middleware/TrimStrings->handle(Object(Illuminate/Http/Request), Object(Closure))
#32 C:/wamp64/www/pharmacy-desktop/pharmacy-desktop/backend/vendor/laravel/framework/src/Illuminate/Http/Middleware/ValidatePostSize.php(27): Illuminate/Pipeline/Pipeline->{closure:{closure:Illuminate/Pipeline/Pipeline::carry():184}:185}(Object(Illuminate/Http/Request))
#33 C:/wamp64/www/pharmacy-desktop/pharmacy-desktop/backend/vendor/laravel/framework/src/Illuminate/Pipeline/Pipeline.php(209): Illuminate/Http/Middleware/ValidatePostSize->handle(Object(Illuminate/Http/Request), Object(Closure))
#34 C:/wamp64/www/pharmacy-desktop/pharmacy-desktop/backend/vendor/laravel/framework/src/Illuminate/Foundation/Http/Middleware/PreventRequestsDuringMaintenance.php(110): Illuminate/Pipeline/Pipeline->{closure:{closure:Illuminate/Pipeline/Pipeline::carry():184}:185}(Object(Illuminate/Http/Request))
#35 C:/wamp64/www/pharmacy-desktop/pharmacy-desktop/backend/vendor/laravel/framework/src/Illuminate/Pipeline/Pipeline.php(209): Illuminate/Foundation/Http/Middleware/PreventRequestsDuringMaintenance->handle(Object(Illuminate/Http/Request), Object(Closure))
#36 C:/wamp64/www/pharmacy-desktop/pharmacy-desktop/backend/vendor/laravel/framework/src/Illuminate/Http/Middleware/HandleCors.php(62): Illuminate/Pipeline/Pipeline->{closure:{closure:Illuminate/Pipeline/Pipeline::carry():184}:185}(Object(Illuminate/Http/Request))
#37 C:/wamp64/www/pharmacy-desktop/pharmacy-desktop/backend/vendor/laravel/framework/src/Illuminate/Pipeline/Pipeline.php(209): Illuminate/Http/Middleware/HandleCors->handle(Object(Illuminate/Http/Request), Object(Closure))
#38 C:/wamp64/www/pharmacy-desktop/pharmacy-desktop/backend/vendor/laravel/framework/src/Illuminate/Http/Middleware/TrustProxies.php(58): Illuminate/Pipeline/Pipeline->{closure:{closure:Illuminate/Pipeline/Pipeline::carry():184}:185}(Object(Illuminate/Http/Request))
#39 C:/wamp64/www/pharmacy-desktop/pharmacy-desktop/backend/vendor/laravel/framework/src/Illuminate/Pipeline/Pipeline.php(209): Illuminate/Http/Middleware/TrustProxies->handle(Object(Illuminate/Http/Request), Object(Closure))
#40 C:/wamp64/www/pharmacy-desktop/pharmacy-desktop/backend/vendor/laravel/framework/src/Illuminate/Foundation/Http/Middleware/InvokeDeferredCallbacks.php(22): Illuminate/Pipeline/Pipeline->{closure:{closure:Illuminate/Pipeline/Pipeline::carry():184}:185}(Object(Illuminate/Http/Request))
#41 C:/wamp64/www/pharmacy-desktop/pharmacy-desktop/backend/vendor/laravel/framework/src/Illuminate/Pipeline/Pipeline.php(209): Illuminate/Foundation/Http/Middleware/InvokeDeferredCallbacks->handle(Object(Illuminate/Http/Request), Object(Closure))
#42 C:/wamp64/www/pharmacy-desktop/pharmacy-desktop/backend/vendor/laravel/framework/src/Illuminate/Pipeline/Pipeline.php(127): Illuminate/Pipeline/Pipeline->{closure:{closure:Illuminate/Pipeline/Pipeline::carry():184}:185}(Object(Illuminate/Http/Request))
#43 C:/wamp64/www/pharmacy-desktop/pharmacy-desktop/backend/vendor/laravel/framework/src/Illuminate/Foundation/Http/Kernel.php(176): Illuminate/Pipeline/Pipeline->then(Object(Closure))
#44 C:/wamp64/www/pharmacy-desktop/pharmacy-desktop/backend/vendor/laravel/framework/src/Illuminate/Foundation/Http/Kernel.php(145): Illuminate/Foundation/Http/Kernel->sendRequestThroughRouter(Object(Illuminate/Http/Request))
#45 C:/wamp64/www/pharmacy-desktop/pharmacy-desktop/backend/public/index.php(14): Illuminate/Foundation/Http/Kernel->handle(Object(Illuminate/Http/Request))
#46 C:/wamp64/www/pharmacy-desktop/pharmacy-desktop/backend/vendor/laravel/framework/src/Illuminate/Foundation/resources/server.php(23): require_once('C://wamp64//www//p...')
#47 {main}
"} 
[2026-05-06 05:44:16] production.ERROR: filemtime(): stat failed for C:\wamp64\www\pharmacy-desktop\pharmacy-desktop\backend\.env {"exception":"[object] (ErrorException(code: 0): filemtime(): stat failed for C:\\wamp64\\www\\pharmacy-desktop\\pharmacy-desktop\\backend\\.env at C:/wamp64/www/pharmacy-desktop/pharmacy-desktop/backend/vendor/laravel/framework/src/Illuminate/Foundation/Console/ServeCommand.php:138)
[stacktrace]
#0 C:/wamp64/www/pharmacy-desktop/pharmacy-desktop/backend/vendor/laravel/framework/src/Illuminate/Foundation/Bootstrap/HandleExceptions.php(258): Illuminate/Foundation/Bootstrap/HandleExceptions->handleError(2, 'filemtime(): st...', 'C://wamp64//www//p...', 138)
#1 [internal function]: Illuminate/Foundation/Bootstrap/HandleExceptions->{closure:Illuminate/Foundation/Bootstrap/HandleExceptions::forwardsTo():257}(2, 'filemtime(): st...', 'C://wamp64//www//p...', 138)
#2 C:/wamp64/www/pharmacy-desktop/pharmacy-desktop/backend/vendor/laravel/framework/src/Illuminate/Foundation/Console/ServeCommand.php(138): filemtime('C://wamp64//www//p...')
#3 C:/wamp64/www/pharmacy-desktop/pharmacy-desktop/backend/vendor/laravel/framework/src/Illuminate/Container/BoundMethod.php(36): Illuminate/Foundation/Console/ServeCommand->handle()
#4 C:/wamp64/www/pharmacy-desktop/pharmacy-desktop/backend/vendor/laravel/framework/src/Illuminate/Container/Util.php(43): Illuminate/Container/BoundMethod::{closure:Illuminate/Container/BoundMethod::call():35}()
#5 C:/wamp64/www/pharmacy-desktop/pharmacy-desktop/backend/vendor/laravel/framework/src/Illuminate/Container/BoundMethod.php(95): Illuminate/Container/Util::unwrapIfClosure(Object(Closure))
#6 C:/wamp64/www/pharmacy-desktop/pharmacy-desktop/backend/vendor/laravel/framework/src/Illuminate/Container/BoundMethod.php(35): Illuminate/Container/BoundMethod::callBoundMethod(Object(Illuminate/Foundation/Application), Array, Object(Closure))
#7 C:/wamp64/www/pharmacy-desktop/pharmacy-desktop/backend/vendor/laravel/framework/src/Illuminate/Container/Container.php(696): Illuminate/Container/BoundMethod::call(Object(Illuminate/Foundation/Application), Array, Array, NULL)
#8 C:/wamp64/www/pharmacy-desktop/pharmacy-desktop/backend/vendor/laravel/framework/src/Illuminate/Console/Command.php(213): Illuminate/Container/Container->call(Array)
#9 C:/wamp64/www/pharmacy-desktop/pharmacy-desktop/backend/vendor/symfony/console/Command/Command.php(341): Illuminate/Console/Command->execute(Object(Symfony/Component/Console/Input/ArgvInput), Object(Illuminate/Console/OutputStyle))
#10 C:/wamp64/www/pharmacy-desktop/pharmacy-desktop/backend/vendor/laravel/framework/src/Illuminate/Console/Command.php(182): Symfony/Component/Console/Command/Command->run(Object(Symfony/Component/Console/Input/ArgvInput), Object(Illuminate/Console/OutputStyle))
#11 C:/wamp64/www/pharmacy-desktop/pharmacy-desktop/backend/vendor/symfony/console/Application.php(1102): Illuminate/Console/Command->run(Object(Symfony/Component/Console/Input/ArgvInput), Object(Symfony/Component/Console/Output/ConsoleOutput))
#12 C:/wamp64/www/pharmacy-desktop/pharmacy-desktop/backend/vendor/symfony/console/Application.php(356): Symfony/Component/Console/Application->doRunCommand(Object(Illuminate/Foundation/Console/ServeCommand), Object(Symfony/Component/Console/Input/ArgvInput), Object(Symfony/Component/Console/Output/ConsoleOutput))
#13 C:/wamp64/www/pharmacy-desktop/pharmacy-desktop/backend/vendor/symfony/console/Application.php(195): Symfony/Component/Console/Application->doRun(Object(Symfony/Component/Console/Input/ArgvInput), Object(Symfony/Component/Console/Output/ConsoleOutput))
#14 C:/wamp64/www/pharmacy-desktop/pharmacy-desktop/backend/vendor/laravel/framework/src/Illuminate/Foundation/Console/Kernel.php(198): Symfony/Component/Console/Application->run(Object(Symfony/Component/Console/Input/ArgvInput), Object(Symfony/Component/Console/Output/ConsoleOutput))
#15 C:/wamp64/www/pharmacy-desktop/pharmacy-desktop/backend/vendor/laravel/framework/src/Illuminate/Foundation/Application.php(1235): Illuminate/Foundation/Console/Kernel->handle(Object(Symfony/Component/Console/Input/ArgvInput), Object(Symfony/Component/Console/Output/ConsoleOutput))
#16 C:/wamp64/www/pharmacy-desktop/pharmacy-desktop/backend/artisan(13): Illuminate/Foundation/Application->handleCommand(Object(Symfony/Component/Console/Input/ArgvInput))
#17 {main}
"} 
